loginDEsar2018;2M2IQH;Менеджер;Ефим;Яковлев ;Ильяович;;;;
loginDEuxd2018;*PI3KN;Заместитель директора;Маргарита;Васильева ;Валерьяновна;;;;
loginDEepk2018;VZ&Ak7;Заказчик;Гордей;Петухов ;Серапионович;;;;
loginDEjhb2018;PNvt8N;Заказчик;Виктор;Нестеров ;Юлианович;;;;
loginDExzi2018;{+1T1M;Директор;Антонин;Белоусов ;Яковович;;;;
loginDEvva2018;G{q*LD;Заместитель директора;Александра;Ермакова ;Куприяновна;;;;
loginDEudz2018;Xcjvmi;Менеджер;Галина;Баранова ;Еремеевна;;;; 
loginDEyyj2018;z+U0XU;Заказчик;Валерьян;Лебедев ;Кимович;;;;
loginDEvdj2018;5Eq6d|;Заместитель директора;Богдан;Никонов ;Юлианович;;;;
loginDErwk2018;|nZOKu;Заказчик;Дмитрий;Карпов ;Владимирович;;;;
loginDElkc2018;BOvRGk;Мастер;Онисим;Мартынов ;Ярославович;;;;
loginDEmge2018;C947}j;Менеджер;Созон;Кузнецов ;Викторович;;;;
loginDEtol2018;&ksGM5;Директор;Ирина;Николаева ;Федотовна;;;;
loginDEjwb2018;IQ+a01;Заказчик;Ростислав;Виноградов ;Еремеевич;;;;
loginDEzhf2018;xws6L9;Менеджер;Евдокия;Лебедева ;Ивановна;;;;
loginDEobp2018;XNGjJy;Директор;Игнатий;Иванов ;Авксентьевич;;;;
loginDEloi2018;azEz+L;Менеджер;Пётр;Савин ;Артёмович;;;;
loginDEuau2018;FNnhJ1;Директор;Семён;Голубев ;Олегович;;;;
loginDEdwi2018;n*aog&;Менеджер;Ириней;Горбачёв ;Викторович;;;;
loginDEecu2018;s6FMJ|;Заказчик;Глафира;Игнатьева ;Эдуардовна;;;;
loginDEdfk2018;aqgkFV;Заказчик;Геннадий;Красильников ;Романович;;;;
loginDEkxq2018;8igB2p;Мастер;Германн;Якушев ;Мэлорович;;;;
loginDEhqm2018;BPvGYj;Заказчик;Руслан;Андреев ;Федосеевич;;;;
loginDEyzm2018;*Nx7JS;Заместитель директора;Эдуард;Козлов ;Протасьевич;;;;
loginDEzbd2018;hWTIZR;Заместитель директора;Ярослав;Галкин ;Фролович;;;;
loginDEoni2018;phdlXA;Заказчик;Иван;Назаров ;Мартынович;;;;
loginDEewk2018;4baKX7;Мастер;Владимир;Воронцов ;Игнатьевич;;;;
loginDEdfh2018;t0CrUG;Мастер;Даниил;Артемьев ;Дамирович;;;;
loginDEufs2018;7CLi&1;Менеджер;Милица;Абрамова ;Аристарховна;;;;
loginDEzsy2018;a6}lPi;Мастер;Протасий;Владимиров ;Витальевич;;;;
loginDElzj2018;Ph0lH+;Директор;Ириней;Агафонов ;Фёдорович;;;;
loginDEwtu2018;kVUA|*;Мастер;Владислав;Суворов ;Иринеевич;;;;
loginDEpyt2018;VAwNEk;Заместитель директора;Игнатий;Яковлев ;Даниилович;;;;
loginDEquw2018;65j6kZ;Мастер;Константин;Павлов ;Гордеевич;;;;
loginDEcxk2018;sM*fqO;Заказчик;Марфа;Щукина ;Глебовна;;;;
loginDEnxq2018;|yxsob;Заместитель директора;Михаил;Мишин ;Глебович;;;;
loginDEpmm2018;wRERed;Заместитель директора;София;Исакова ;Юрьевна;;;;
loginDEitt2018;L+OKpQ;Менеджер;Виктория;Сысоева ;Максимовна;;;;
loginDEttt2018;1YOnW3;Мастер;Владимир;Большаков ;Филатович;;;;
loginDExrn2018;eaI8ng;Менеджер;Оксана;Абрамова ;Ростиславовна;;;;
loginDEelh2018;NNmfSo;Заместитель директора;Иван;Зиновьев ;Ильяович;;;;
loginDEwxd2018;Smjq0v;Директор;Алексей;Евдокимов ;Антонович;;;;
loginDEiho2018;UIlg{8;Заместитель директора;Германн;Романов ;Серапионович;;;;
loginDEsyo2018;F743ca;Заказчик;Егор;Логинов ;Лаврентьевич;;;;
loginDEmwq2018;YZ{snT;Мастер;Бронислав;Кондратьев ;Тихонович;;;;
loginDEykk2018;EttWT{;Менеджер;Нинель;Александрова ;Мстиславовна;;;;
loginDEell2018;7wQfBj;Менеджер;Игорь;Терентьев ;Александрович;;;;
loginDEdys2018;B}2V7t;Директор;Гордей;Пахомов ;Борисович;;;;
loginDEqoh2018;+xRJ|2;Менеджер;Яков;Большаков ;Протасьевич;;;;
loginDEpdv2018;r1HuS2;Менеджер;Авдей;Крылов ;Анатольевич;;;;
loginDEzqn2018;Lgd57H;Мастер;Иванна;Петрова ;Андреевна;;;;
loginDEvzo2018;VO7mOE;Директор;Никита;Воронцов ;Лаврентьевич;;;;
loginDEiyy2018;Ip|*iS;Мастер;Иван;Федосеев ;Валентинович;;;;
loginDEdgv2018;kfmvXj;Директор;Владислав;Галкин ;Филатович;;;;
loginDEurj2018;9ImBsL;Директор;Валерьян;Киселёв ;Евгеньевич;;;;
loginDEaul2018;MTZb+A;Мастер;Станислав;Путин ;Протасьевич;;;;
loginDEbdx2018;F|mMSS;Заместитель директора;Германн;Харитонов ;Ефимович;;;;
loginDEyzp2018;wFCnHN;Мастер;Ольга;Гурьева ;Аркадьевна;;;;
loginDErwb2018;v5RpBS;Менеджер;Демьян;Сысоев ;Антонинович;;;;
loginDEpri2018;RI2*T9;Мастер;Тихон;Шубин ;Лаврентьевич;;;;
loginDEzpr2018;#ИМЯ?;Менеджер;Эдуард;Евсеев ;Протасьевич;;;;
loginDEhfv2018;QpAY63;Мастер;Борис;Мясников ;Лукьевич;;;;
loginDEyjy2018;20uyVz;Менеджер;Клавдия;Мартынова ;Лукьяновна;;;;
loginDEejw2018;4}szdy;Директор;;Филатов ;Константин;;;;
loginDEdby2018;rleZVk;Менеджер;Протасий;Ефремов ;Протасьевич;;;;
loginDEzqk2018;TOOuow;Заказчик;Парфений;Михайлов ;Мэлорович;;;;
loginDEjdf2018;*jzOGy;Менеджер;Богдан;Самойлов ;Геласьевич;;;;
loginDEycc2018;YeTO&L;Мастер;Маргарита;Громова ;Митрофановна;;;;
loginDEmoq2018;*bhJb4;Мастер;Иванна;Копылова ;Геласьевна;;;;
loginDEgtz2018;Tv&BVy;Мастер;Семён;Носков ;Васильевич;;;;
loginDEkuy2018;s4Vm64;Менеджер;Егор;Данилов ;Валентинович;;;;
loginDEpxb2018;wso}8C;Менеджер;Вячеслав;Иванов ;Парфеньевич;;;;
loginDEbfn2018;RCt1Sk;Заказчик;Василиса;Кошелева ;Якововна;;;;
loginDEhqt2018;EhWhoq;Заместитель директора;Мстислав;Данилов ;Олегович;;;;
loginDExyh2018;CRk03h;Мастер;Павел;Горбунов ;Леонидович;;;;
loginDEjrd2018;8tl2a+;Менеджер;Борис;Никитин ;Евгеньевич;;;;
loginDEkma2018;jW{dgt;Менеджер;Фаина;Доронина ;Якуновна;;;;
loginDEknj2018;hKZfoC;Мастер;Лукьян;Поляков ;Викторович;;;;
loginDEfvq2018;*uGVVE;Менеджер;Наталья;Уварова ;Евгеньевна;;;;
loginDEvqh2018;oQmpma;Менеджер;Фрол;Соболев ;Германович;;;;
loginDEcdg2018;UYNHsU;Заказчик;Зинаида;Суворова ;Александровна;;;;
loginDEpdu2018;#ИМЯ?;Мастер;Иванна;Федосеева ;Михаиловна;;;;
loginDEgbi2018;c29wfj;Директор;Михаил;Кудряшов ;Протасьевич;;;;
loginDEklt2018;5QO|u4;Заместитель директора;Александра;Аксёнова ;Лаврентьевна;;;;
loginDEbka2018;|AbflR;Директор;Алексей;Баранов ;Авдеевич;;;;
loginDEthx2018;+t}zCu;Заказчик;Донат;Гришин ;Константинович;;;;
loginDErns2018;tz2wx5;Заместитель директора;Виктор;Ершов ;Яковович;;;;
loginDEybt2018;e7uyxU;Менеджер;Митрофан;Григорьев ;Парфеньевич;;;;
loginDEoyy2018;4a0mnh;Мастер;Донат;Панов ;Александрович;;;;
loginDEooj2018;GPf+Bw;Мастер;Серапион;Буров ;Сергеевич;;;;
loginDExbs2018;I6DDeV;Заместитель директора;Светлана;Дорофеева ;Брониславовна;;;;
loginDEafi2018;hN8}Tj;Менеджер;Ангелина;Суханова ;Григорьевна;;;;
loginDEzyb2018;ZG73**;Мастер;Антонин;Сергеев ;Вадимович;;;;
loginDEhwk2018;TeoCY0;Заместитель директора;Тихон;Комиссаров ;Варламович;;;;
loginDEzby2018;n|MYCO;Менеджер;Анжелика;Ефимова ;Николаевна;;;;
loginDExzu2018;Sch+GG;Директор;Мэлор;Блинов ;Дамирович;;;;
loginDExzf2018;6cmjFd;Мастер;Акулина;Блохина ;Якуновна;;;;
loginDEzva2018;0vLvlW;Директор;Ксения;Гущина ;Романовна;;;;
loginDEdya2018;tS2NmR;Заказчик;Донат;Пахомов ;Евсеевич;;;;
loginDEaou2018;1E6ONr;Менеджер;Владлен;Дементьев ;Глебович;;;;
loginDEeqk2018;I{iaU4;Директор;Ростислав;Мишин ;Пантелеймонович;;;;
loginDErot2018;I+0E2j;Директор;Ия;Пестова ;Святославовна;;;;
loginDEhkz2018;T6BAKi;Заказчик;Кира;Казакова ;Вячеславовна;;;;
loginDEcxd2018;#ИМЯ?;Заместитель директора;Ярослав;Жданов ;Варламович;;;;
loginDEpty2018;m{Li1+;Мастер;Прасковья;Вишнякова ;Всеволодовна;;;;
loginDEtaa2018;R8oTaQ;Заказчик;Кондрат;Панфилов ;Антонинович;;;;
loginDEibc2018;qb8|Mk;Заместитель директора;Егор;Буров ;Арсеньевич;;;;
loginDEwxv2018;qK6y{W;Менеджер;Глеб;Рожков ;Гордеевич;;;;
loginDEdmd2018;6xjzYR;Заместитель директора;Ольга;Федосеева ;Алексеевна;;;;
loginDEytk2018;7D9re0;Заместитель директора;Валерия;Яковлева ;Михаиловна;;;;
loginDEqga2018;P+4p4a;Менеджер;Пётр;Лукин ;Кондратович;;;;
loginDEaxl2018;V2S+Ih;Заказчик;Никита;Дмитриев ;Пётрович;;;;
loginDEyan2018;uf6Krf;Директор;Зоя;Тарасова ;Якуновна;;;;
loginDEidg2018;YjZW6A;Заместитель директора;Константин;Исаков ;Яковович;;;;
loginDEwpm2018;zqnoi|;Заказчик;Валентин;Юдин ;Геласьевич;;;;
loginDEpiz2018;JTXLk6;Директор;Анжела;Селиверстова ;Алексеевна;;;;
loginDEdoo2018;1jH&}l;Директор;Якун;Беляев ;Протасьевич;;;;
loginDEjeh2018;IgW*|U;Заказчик;Святослав;Сидоров ;Демьянович;;;;
loginDEerm2018;XPr8zT;Мастер;Виктор;Кабанов ;Парфеньевич;;;;
loginDEdlu2018;JgY{Zo;Директор;Ким;Рогов ;Станиславович;;;;
loginDEplk2018;xQxtYm;Заказчик;Марфа;Блинова ;Николаевна;;;;
loginDEtix2018;Y5zv9+;Мастер;Варлам;Тетерин ;Кимович;;;;
loginDEarc2018;AZin*Q;Заместитель директора;Даниил;Крюков ;Онисимович;;;;
loginDEpba2018;&HmMXH;Мастер;Антонина;Пахомова ;Еремеевна;;;;
loginDEyeg2018;CFEe+Z;Заместитель директора;Ириней;Харитонов ;Авксентьевич;;;;
loginDEshj2018;#ИМЯ?;Заказчик;Евсей;Кузьмин ;Андреевич;;;;
loginDEchx2018;S5c&fX;Директор;Матвей;Виноградов ;Анатольевич;;;;
loginDEwvl2018;&9Vpqk;Заказчик;Анастасия;Якушева ;Якуновна;;;;
loginDEeeg2018;fIqIdE;Директор;Евсей;Егоров ;Константинович;;;;
loginDEaeu2018;ubmJ{u;Заказчик;Феврония;Морозова ;Всеволодовна;;;;
loginDEend2018;SX8Z4A;Директор;Митрофан;Доронин ;Лаврентьевич;;;;
loginDEtik2018;a&+vrv;Директор;Константин;Костин ;Арсеньевич;;;;
loginDEmmh2018;x1wAHo;Мастер;Агафон;Сорокин ;Семёнович;;;;
loginDEcur2018;FuE312;Директор;Евфросиния;Мясникова ;Федотовна;;;;
loginDEath2018;Ii{d2t;Директор;Никита;Власов ;Мартынович;;;;
loginDEdif2018;Tpivcr;Заказчик;Николай;Зуев ;Георгьевич;;;;
loginDErnv2018;gJ1NYR;Директор;Степан;Жданов ;Аристархович;;;;
loginDEhrc2018;sk1mgK;Заместитель директора;Лукий;Кулагин ;Брониславович;;;;
loginDEodw2018;AMSLmE;Менеджер;Алла;Кабанова ;Фёдоровна;;;;
loginDEbed2018;282IYv;Мастер;Валерия;Соболева ;Всеволодовна;;;;
loginDEnqq2018;XKrJOU;Директор;Ярослав;Михеев ;Антонович;;;;
loginDEjgu2018;ELrDod;Заказчик;Всеволод;Комаров ;Степанович;;;;
loginDEwbn2018;96TfQ|;Заместитель директора;Лукьян;Белоусов ;Геласьевич;;;;
loginDEfbq2018;}G4XKd;Заместитель директора;Донат;Фёдоров ;Егорович;;;;
loginDEccy2018;4zb2ow;Заместитель директора;Валерия;Матвиенко ;Вячеславовна;;;;
loginDEuwn2018;wPbrBV;Директор;Бронислав;Калашников ;Арсеньевич;;;;
loginDEsty2018;Caam+a;Заказчик;Василиса; Турова ;Алексеевна;;;;
loginDEubl2018;R&o+7+;Мастер;Лаврентий;Андреев ;Созонович;;;;
loginDEtqw2018;UJW+*N;Директор;Фаина;Филиппова ;Фёдоровна;;;;
loginDExic2018;bp&g7f;Директор;Геннадий;Соболев ;Якунович;;;;
loginDEvdy2018;|9AaAE;Мастер;Евдокия;Михеева ;Якововна;;;;
loginDEqhl2018;FQQRMz;Директор;Людмила;Евдокимова ;Лаврентьевна;;;;
loginDEhya2018;#ИМЯ?;Директор;Арсений;Чернов ;Германнович;;;;
loginDEffq2018;Vs0tGb;Мастер;Вячеслав;Бирюков ;Агафонович;;;;
loginDEopr2018;Oklkhh;Заместитель директора;Вячеслав;Веселов ;Аркадьевич;;;;
loginDEmbm2018;g90TWM;Заказчик;Любовь;Исаева ;Мэлоровна;;;;
loginDEsze2018;S*{8Ml;Заказчик;Лидия;Гуляева ;Ростиславовна;;;;
loginDEctg2018;dN+jod;Мастер;Раиса;Сазонова ;Кондратовна;;;;
loginDEruq2018;mXdZTI;Заказчик;Дмитрий;Пахомов ;Юлианович;;;;
loginDEqpk2018;Tnh3DJ;Менеджер;Семён;Сафонов ;Лаврентьевич;;;;
loginDEmhc2018;mMYPim;Мастер;Элеонора;Игнатьева ;Олеговна;;;;
loginDErvp2018;iIOsgI;Заказчик;Ангелина;Жданова ;Якуновна;;;;
loginDEgdb2018;xLvXN{;Менеджер;Валерьян;Баранов ;Игнатьевич;;;;
loginDExet2018;S*onWu;Менеджер;Татьяна;Селезнёва ;Антониновна;;;;
loginDEupl2018;KE6*k|;Мастер;Ефим;Наумов ;Онисимович;;;;
loginDEkbx2018;T}4cTC;Мастер;Пелагея;Филатова ;Якуновна;;;;
loginDEzwo2018;zkc0S};Мастер;Дарья;Карпова ;Валерьевна;;;;
loginDEvln2018;keXJ3o;Менеджер;Ярослав;Пономарёв ;Лаврентьевич;;;;
loginDEayj2018;#ИМЯ?;Менеджер;Евгений;Гурьев ;Витальевич;;;;
loginDEoby2018;*j704g;Заказчик;Марфа;Игнатова ;Артёмовна;;;;
loginDEdje2018;Ros+rl;Заместитель директора;Пётр;Бобров ;Леонидович;;;;
loginDEnux2018;{XMSKj;Заказчик;Элеонора;Кузнецова ;Матвеевна;;;;
loginDEyhv2018;zNZYk{;Менеджер;Василий;Кузьмин ;Валерьевич;;;;
loginDEuwy2018;m0S8Hy;Заместитель директора;Антонина;Копылова ;Макаровна;;;;
loginDEkit2018;Zx89p+;Директор;Гордей;Кабанов ;Геласьевич;;;;
loginDEzfi2018;VbhJh*;Заместитель директора;Прасковья;Мельникова ;Мстиславовна;;;;
loginDEbhd2018;a80d5I;Менеджер;Куприян;Громов ;Святославович;;;;
loginDEpul2018;1y2EaM;Менеджер;Федот;Капустин ;Русланович;;;;
loginDEsyc2018;IX+1o1;Менеджер;Донат;Герасимов ;Ефимович;;;;
loginDEmqf2018;*eh|rQ;Менеджер;Тамара;Панова ;Протасьевна;;;;
loginDEhjw2018;dFb{aw;Мастер;Дмитрий;Ефремов ;Мартынович;;;;
loginDEcjd2018;F4Qv}x;Директор;Евсей;Поляков ;Алексеевич;;;;
loginDElnh2018;D+83Ot;Заказчик;Еремей;Беспалов ;Мартынович;;;;
loginDEebx2018;WTBC7e;Мастер;Ксения;Тарасова ;Олеговна;;;;
loginDEtbf2018;}g|DE+;Заместитель директора;Протасий;Кулаков ;Глебович;;;;
loginDEpjz2018;V8ArPO;Заместитель директора;Любовь;Соловьёва ;Онисимовна;;;;
loginDEfpm2018;oJ7&bs;Менеджер;Геннадий;Владимиров ;Еремеевич;;;;
loginDEdrx2018;*SZ7TL;Директор;Клавдия;Некрасова ;Денисовна;;;;
loginDEykq2018;Veq1N7;Заказчик;Фаина;Казакова ;Антониновна;;;;
loginDEthb2018;Lt7|ok;Директор;Протасий;Сазонов ;Игоревич;;;;
loginDEbdb2018;nxULDN;Заказчик;Антон;Исаев ;Брониславович;;;;
loginDEysy2018;*M+eyt;Директор;Илья;Матвеев ;Федосеевич;;;;
loginDEjrt2018;x8St23;Мастер;Всеволод;Шестаков ;Лукьевич;;;;
loginDEwim2018;Sbe&j};Мастер;Еремей;Сергеев ;Серапионович;;;;
loginDEbbt2018;IclO}d;Менеджер;Эмилия;Молчанова ;Мэлсовна;;;;
loginDEwbe2018;C&n1bj;Мастер;Альвиан;Комаров ;Юлианович;;;;
loginDEgcb2018;St&dIw;Менеджер;Клавдия;Щукина ;Куприяновна;;;;
loginDEvai2018;7dX5WR;Заказчик;Лукий;Суханов ;Ростиславович;;;;
loginDErbv2018;7NrYfL;Менеджер;Глафира;Мишина ;Вадимовна;;;;
loginDEyis2018;qcBZOv;Директор;Якун;Бобылёв ;Альбертович;;;;
loginDEmiy2018;dK6+AE;Менеджер;Геннадий;Маслов ;Куприянович;;;;
loginDExrj2018;WJrQlq;Заказчик;Серапион;Кириллов ;Всеволодович;;;;
loginDEtyl2018;C4f}5e;Менеджер;Людмила;Горшкова ;Филатовна;;;;
loginDEvrn2018;AfSRZI;Директор;Людмила;Тарасова ;Макаровна;;;;
loginDEqoa2018;NUeFuT;Директор;Ярослав;Русаков ;Агафонович;;;;
loginDEyin2018;eikez3;Мастер;Варвара;Ефремова ;Иринеевна;;;;
loginDEwpz2018;eMn{Kl;Мастер;Федосей;Игнатьев ;Парфеньевич;;;;
loginDEdmj2018;J+}Wvc;Мастер;Маргарита;Степанова ;Ильяовна;;;;
loginDEooq2018;pSp9XX;Менеджер;Александра;Блохина ;Митрофановна;;;;
loginDEjoa2018;kChmEo;Мастер;Фёдор;Яковлев ;Мартынович;;;;
loginDEszj2018;B6&cJf;Директор;Пелагея;Журавлёва ;Витальевна;;;;
loginDEhzm2018;D*pP0+;Заказчик;Филат;Корнилов ;Артёмович;;;;
loginDEsep2018;sG40du;Заказчик;Павел;Ковалёв ;Денисович;;;;
loginDEhiq2018;IbJ}qw;Мастер;Вадим;Петров ;Мэлорович;;;;
loginDEmww2018;ukBtoC;Заказчик;Альберт;Нестеров ;Мстиславович;;;;
loginDEgju2018;C7nYc{;Заместитель директора;Вероника;Терентьева ;Протасьевна;;;;
loginDEcyg2018;UQA1Uu;Мастер;Евсей;Белоусов ;Николаевич;;;;
loginDEjyc2018;cj9ECm;Мастер;Парфений;Лебедев ;Якунович;;;;
loginDEvxf2018;yS2WHF;Мастер;Мстислав;Наумов ;Павлович;;;;
loginDEajj2018;hzO1*o;Директор;Яков;Поляков ;Юлианович;;;;
loginDEjre2018;Ea5FeF;Мастер;Клавдия;Самойлова ;Владленовна;;;;
loginDEelw2018;8m|p+S;Заместитель директора;Алина;Гусева ;Васильевна;;;;
loginDEkea2018;82af{y;Заказчик;Елизавета;Тимофеева ;Мэлсовна;;;;
loginDExkx2018;8uXYWo;Менеджер;Кира;Гурьева ;Варламовна;;;;
loginDEyxm2018;*DB|&d;Директор;Святослав;Родионов ;Олегович;;;;
loginDEuzv2018;|6J|mm;Менеджер;Геласий;Белов ;Серапионович;;;;
loginDEyaa2018;8}w*yf;Заказчик;Руслан;Уваров ;Иринеевич;;;;
loginDEgpt2018;Gao1gX;Заказчик;Станислав;Сафонов ;Григорьевич;;;;
loginDEojz2018;N50|5T;Директор;Алексей;Игнатьев ;Вадимович;;;;
loginDEzqo2018;HHG+eY;Заместитель директора;Евсей;Елисеев ;Борисович;;;;
loginDEkfs2018;q}b+Tf;Заместитель директора;Валерьян;Воронцов ;Даниилович;;;;
loginDEqql2018;QHE5zz;Мастер;Егор;Князев ;Донатович;;;;
loginDEmjf2018;p+u{vH;Менеджер;Мария;Ковалёва ;Максимовна;;;;
loginDEjjx2018;DP|ubQ;Директор;Константин;Авдеев ;Станиславович;;;;
loginDEtch2018;TsU4a5;Директор;Жанна;Семёнова ;Онисимовна;;;;
loginDEpll2018;J9pnJW;Мастер;Милица;Устинова ;Георгьевна;;;;
loginDEqcb2018;oMOLh+;Директор;Елена;Исаева ;Валерьяновна;;;;
loginDEivc2018;Ci52qh;Заместитель директора;Лаврентий;Сорокин ;Аркадьевич;;;;
loginDEybw2018;d+t136;Заместитель директора;Пелагея;Наумова ;Лукьяновна;;;;
loginDEtqn2018;IdjLc2;Менеджер;Христофор;Фадеев ;Вячеславович;;;;
loginDEtby2018;36YniT;Заместитель директора;Богдан;Блохин ;Улебович;;;;
loginDEnrq2018;pn{5RN;Директор;Фаина;Громова ;Лаврентьевна;;;;
loginDEill2018;5c|dSJ;Заказчик;Богдан;Зыков ;Леонидович;;;;
loginDErzp2018;W6rx|w;Заместитель директора;Прасковья;Савельева ;Георгьевна;;;;
loginDEjgq2018;gJEYkn;Мастер;Элеонора;Петухова ;Ильяовна;;;;
loginDEbho2018;AFvMyh;Мастер;Клавдия;Морозова ;Святославовна;;;;
loginDErvi2018;|9LJNA;Директор;Пантелеймон;Колесников ;Якунович;;;;
loginDEifv2018;V61gmp;Мастер;Агафья;Орехова ;Пантелеймоновна;;;;
loginDEqkn2018;KdU6uK;Заказчик;Виталий;Фадеев ;Анатольевич;;;;
loginDExbf2018;Vl9R|I;Заказчик;Прасковья;Блинова ;Агафоновна;;;;
loginDEwkl2018;415qNv;Заместитель директора;Нинель;Игнатова ;Лаврентьевна;;;;
loginDEqwd2018;Ix4V{i;Менеджер;Донат;Савин ;Ярославович;;;;
loginDEjno2018;kuLGGL;Директор;Аристарх;Романов ;Ильяович;;;;
loginDEpgp2018;q|Ov9c;Заместитель директора;Эдуард;Мишин ;Фёдорович;;;;
loginDEwua2018;*tyvel;Менеджер;Маргарита;Макарова ;Всеволодовна;;;;
loginDExdd2018;rp22fO;Директор;Нинель;Носкова ;Иринеевна;;;;
loginDEmom2018;0gSoaA;Заказчик;Егор;Суворов ;Гордеевич;;;;
loginDEfxd2018;uZm+f6;Мастер;Олимпиада;Савельева ;Данииловна;;;;
loginDEfiy2018;nBm{qt;Заместитель директора;Василиса;Ершова ;Ярославовна;;;;
loginDEnxj2018;Y+Yif+;Менеджер;Андрей;Антонов ;Георгьевич;;;;
loginDEcbu2018;zLj0GQ;Менеджер;Ираида;Ефимова ;Митрофановна;;;;
loginDExbv2018;71t|e{;Заказчик;Максим;Субботин ;Георгьевич;;;;
loginDEwcj2018;AMXhqA;Мастер;Христофор;Тетерин ;Степанович;;;;
loginDEsmd2018;ZWSZHe;Менеджер;Игорь;Абрамов ;Семёнович;;;;
loginDEtug2018;b{7&Zf;Директор;Онисим;Казаков ;Анатольевич;;;;
loginDEcsu2018;HOFZa6;Заместитель директора;Андрей;Нестеров ;Даниилович;;;;
loginDEfse2018;axoHxw;Директор;Эдуард;Медведев ;Антонович;;;;
loginDEgcl2018;swu*ZT;Мастер;Элеонора;Логинова ;Дмитрьевна;;;;
loginDEmzj2018;crY1JZ;Заместитель директора;Георгий;Сергеев ;Кимович;;;;
loginDEvut2018;Y7Mm*Y;Директор;Федосей;Медведьев ;Агафонович;;;;
loginDEwkn2018;2*lKn+;Мастер;Наина;Ширяева ;Васильевна;;;;
loginDEbwn2018;rr&WdV;Заместитель директора;Лукия;Кузьмина ;Авдеевна;;;;
loginDEzgc2018;UHIU&T;Заместитель директора;Иванна;Шестакова ;Ярославовна;;;;
loginDEzta2018;cMVEpF;Менеджер;Даниил;Соболев ;Николаевич;;;;
loginDEsld2018;s1Ndyp;Менеджер;Агафья;Петрова ;Константиновна;;;;
loginDEvgu2018;m8VeJw;Менеджер;Евгений;Кудрявцев ;Александрович;;;;
loginDEqbh2018;GZq4nd;Заместитель директора;Семён;Хохлов ;Авдеевич;;;;
loginDEokf2018;X3+RZ0;Директор;Анатолий;Нестеров ;Донатович;;;;
loginDEcbi2018;UrluYp;Мастер;Анатолий;Киселёв ;Альвианович;;;;
loginDEgza2018;PXAA7c;Менеджер;Анатолий;Нестеров ;Павлович;;;;
loginDEswq2018;Rm&++t;Менеджер;Никита;Рогов ;Вячеславович;;;;
loginDEqxo2018;8iqEG*;Директор;Николай;Пестов ;Константинович;;;;
loginDEguz2018;7wsWd4;Мастер;Зоя;Сергеева ;Пётровна;;;;
loginDEaro2018;LE}Woo;Заместитель директора;Фаина;Матвиенко ;Демьяновна;;;;
loginDEaea2018;OQ8Kfz;Заказчик;Авдей;Кулаков ;Донатович;;;;
loginDEzhp2018;16+8Jh;Заказчик;Владислав;Дмитриев ;Аркадьевич;;;;
loginDEtzs2018;D9G6j1;Директор;Евдокия;Шестакова ;Авксентьевна;;;;
loginDEvem2018;HiD*0c;Директор;Мэлор;Блинов ;Ильяович;;;;
loginDEvzy2018;T5Qaaa;Заказчик;Федосей;Щукин ;Павлович;;;;
loginDErjn2018;5FMXpr;Мастер;Всеволод;Русаков ;Игнатьевич;;;;
loginDEiam2018;b+*n+0;Мастер;Оксана;Субботина ;Геннадьевна;;;;
loginDEyff2018;LB&hR+;Заместитель директора;Надежда;Дорофеева ;Богдановна;;;;
loginDEykt2018;XQlo|S;Директор;Надежда;Щукина ;Германновна;;;;
loginDEcpb2018;|Be{Wn;Директор;Надежда;Моисеева ;Протасьевна;;;;
loginDEkww2018;KzFIWJ;Заказчик;Мария;Козлова ;Валерьяновна;;;;
loginDEldo2018;oWfgBB;Менеджер;Наталья;Трофимова ;Семёновна;;;;
loginDExhi2018;l6eiog;Заказчик;Дамир;Ефремов ;Яковович;;;;
loginDEltt2018;vJCz+l;Директор;Алина;Нестерова ;Ростиславовна;;;;
loginDEaim2018;HdgRJI;Мастер;Святослав;Лазарев ;Олегович;;;;
loginDEndh2018;JUYAwS;Менеджер;Мэлор;Поляков ;Геннадьевич;;;;
loginDEpvn2018;v18sXi;Заказчик;Лукий;Молчанов ;Митрофанович;;;;
loginDEcxl2018;2ToouN;Мастер;Алина;Семёнова ;Эдуардовна;;;;
loginDEclw2018;h5Q{Nx;Заместитель директора;Руслан;Николаев ;Варламович;;;;
loginDEwik2018;DS{WpL;Директор;Андрей;Костин ;Иринеевич;;;;
loginDEjyb2018;om9BwD;Заказчик;Артём;Карпов ;Кимович;;;;
loginDEndc2018;r3RSO9;Директор;Мария;Орехова ;Станиславовна;;;;
loginDEjhx2018;cQlCrZ;Заместитель директора;Глеб;Зуев ;Игнатьевич;;;;
loginDEqjm2018;thu8kK;Заместитель директора;Нинель;Аксёнова ;Кондратовна;;;;
loginDElag2018;NupBH|;Заказчик;Аркадий;Никитин ;Дмитрьевич;;;;
loginDEsct2018;1j*J8T;Мастер;Ириней;Тетерин ;Викторович;;;;
loginDEvoe2018;zC6|UG;Менеджер;Александр;Дорофеев ;Авдеевич;;;;
loginDEklg2018;l9|xfT;Менеджер;Борис;Стрелков ;Альбертович;;;;
loginDEpzs2018;AVm+Oj;Мастер;Макар;Уваров ;Юрьевич;;;;
loginDEala2018;46+ORY;Заместитель директора;Ульяна;Андреева ;Евгеньевна;;;;
loginDEheo2018;XiJmr9;Мастер;Матвей;Кулагин ;Якунович;;;;
loginDEzyn2018;TSGsPV;Заказчик;Элеонора;Ершова ;Ивановна;;;;
loginDEbir2018;ww9{S1;Менеджер;Роман;Васильев ;Матвеевич;;;;
loginDEhmv2018;KE6+sS;Мастер;Наина;Воронцова ;Юрьевна;;;;
loginDEldj2018;kZwuDV;Менеджер;Аристарх;Ковалёв ;Егорович;;;;
loginDEqph2018;8OJ1yJ;Заказчик;Авдей;Ермаков ;Валентинович;;;;
loginDEuyn2018;kSOtL9;Мастер;Игорь;Никонов ;Мстиславович;;;;
loginDEfyh2018;04JQix;Директор;Дамир;Князев ;Валерьевич;;;;
loginDEcvs2018;H*OqOg;Заказчик;Бронислав;Фокин ;Иванович;;;;
loginDEqok2018;kZ6|yS;Заказчик;Даниил;Сысоев ;Даниилович;;;;
loginDEkvs2018;0GeIOP;Директор;Оксана;Мельникова ;Валентиновна;;;;
loginDEytr2018;|vfIq2;Мастер;Богдан;Громов ;Максимович;;;;
loginDExid2018;FywuoL;Директор;Владимир;Фомин ;Игнатьевич;;;;
loginDEzxk2018;}+j40i;Заместитель директора;Екатерина;Соколова ;Руслановна;;;;
loginDEjtd2018;ODotUj;Мастер;Милица;Лыткина ;Вячеславовна;;;;
loginDEmyz2018;gKQ4r+;Менеджер;Пётр;Панов ;Пётрович;;;;
loginDEuvg2018;}rhenI;Директор;Егор;Агафонов ;Еремеевич;;;;
loginDEajx2018;TaE4Dg;Менеджер;Виктор;Казаков ;Аркадьевич;;;;
loginDEigl2018;L2J*KI;Заместитель директора;Борис;Дроздов ;Мэлорович;;;;
loginDEoxo2018;f}*V{M;Менеджер;Авксентий;Игнатьев ;Германович;;;;
loginDEvhm2018;DT}WrU;Заказчик;Николай;Медведьев ;Мстиславович;;;;
loginDEvys2018;CxXb+r;Заказчик;Ирина;Медведева ;Валентиновна;;;;
loginDEpjw2018;T*wJeK;Менеджер;Виктор;Никонов ;Русланович;;;;
loginDElxp2018;vKdJGk;Заказчик;Владлен;Коновалов ;Юрьевич;;;;
loginDExfm2018;mh6|JS;Заказчик;Виктор;Алексеев ;Васильевич;;;;
loginDEcxr2018;HCt|N1;Мастер;Алина;Суворова ;Антоновна;;;;
loginDEuqk2018;3vE*Fb;Директор;Игнатий;Жуков ;Семёнович;;;;
loginDExeb2018;Oa}fkk;Заместитель директора;Анна;Терентьева ;Дамировна;;;;
loginDEmri2018;s*YXSm;Мастер;Григорий;Беспалов ;Христофорович;;;;
loginDEvmr2018;t6aouh;Заказчик;Лидия;Ермакова ;Григорьевна;;;;
loginDEtyn2018;8qte+l;Заказчик;Лариса;Стрелкова ;Варламовна;;;;
loginDEqqw2018;qlJ6vk;Мастер;Юлия;Костина ;Дмитрьевна;;;;
loginDEkjs2018;A8K6dL;Мастер;Марина;Шарапова ;Павловна;;;;
loginDEvmb2018;TY5Gd5;Заместитель директора;Геннадий;Евдокимов ;Макарович;;;;
loginDErbm2018;D6SSd+;Директор;Лукьян;Моисеев ;Вадимович;;;;
loginDEoez2018;j7qgHy;Мастер;Лукия;Якушева ;Васильевна;;;;
loginDEvij2018;7hn2va;Заместитель директора;Альберт;Меркушев ;Яковович;;;;
loginDEjgh2018;7w4c6u;Менеджер;Ирина;Вишнякова ;Агафоновна;;;;
loginDEsrr2018;0fO0YH;Менеджер;Валентина;Медведева ;Никитевна;;;;
loginDEocb2018;6oLNd{;Заказчик;Дамир;Кудрявцев ;Эдуардович;;;;
loginDEpmv2018;kjE3El;Менеджер;Владислав;Беляков ;Богданович;;;;
loginDEjov2018;zS&ClK;Заместитель директора;Ия;Мамонтова ;Лукьяновна;;;;
loginDEafs2018;Wiw0VR;Менеджер;Алина;Цветкова ;Улебовна;;;;
loginDEiky2018;G&fF7n;Заместитель директора;Донат;Максимов ;Игнатьевич;;;;
loginDEoyu2018;}*E9Se;Заказчик;Надежда;Беспалова ;Владимировна;;;;
loginDEcpi2018;8lSh*o;Заместитель директора;Евпраксия;Воробьёва ;Ильяовна;;;;
loginDEjqp2018;zTKmDa;Заместитель директора;Глафира;Миронова ;Сергеевна;;;;
loginDEhnh2018;m0WYQH;Заместитель директора;Фёдор;Тимофеев ;Валентинович;;;;
loginDEuvi2018;U0W&Z&;Заказчик;Дарья;Ефимова ;Всеволодовна;;;;
loginDEuug2018;aHl3qb;Директор;Марина;Семёнова ;Юрьевна;;;;
loginDErmf2018;U4jeNa;Мастер;Мэлор;Смирнов ;Кондратович;;;;
loginDEhnt2018;3X5|Jy;Заказчик;Владлен;Пономарёв ;Протасьевич;;;;
loginDEuvr2018;wu8lYK;Директор;Никита;Вишняков ;Семёнович;;;;
loginDEpsb2018;{O|F*N;Директор;Антонина;Ларионова ;Игнатьевна;;;;
loginDEher2018;cTlCHC;Заказчик;Христофор;Пономарёв ;Русланович;;;;
loginDEyzh2018;8m6+}r;Директор;Алла;Воронова ;Юлиановна;;;;
loginDElvm2018;elWeXR;Директор;Таисия;Сергеева ;Альвиановна;;;;
loginDEron2018;ywlASa;Заместитель директора;Евсей;Смирнов ;Сергеевич;;;;
loginDEbzh2018;ysac1M;Заместитель директора;Ангелина;Данилова ;Аркадьевна;;;;
loginDEnmc2018;X40l}h;Менеджер;Галина;Лобанова ;Демьяновна;;;;
loginDEypj2018;2*3jan;Мастер;Евгения;Горшкова ;Васильевна;;;;
loginDEwvg2018;XcZ4xF;Заместитель директора;Октябрина;Зайцева ;Станиславовна;;;;
loginDElqo2018;TiSXX{;Заместитель директора;Глафира;Шарапова ;Мстиславовна;;;;
loginDErhy2018;yQl65Q;Заместитель директора;Мстислав;Кулагин ;Пётрович;;;;
loginDEoqc2018;*Cm6gW;Менеджер;Сергей;Сорокин ;Олегович;;;;
loginDEskh2018;X{x9ae;Директор;Альвиан;Кондратьев ;Протасьевич;;;;
loginDEvkg2018;tzCLIX;Заказчик;Анатолий;Сысоев ;Арсеньевич;;;;
loginDEpnq2018;D69F&h;Директор;Антон;Иванов ;Степанович;;;;
loginDEyza2018;CsA9|P;Мастер;Илья;Попов ;Филатович;;;;
loginDEiai2018;OPjijt;Заместитель директора;Маргарита;Захарова ;Авксентьевна;;;;
loginDEbsc2018;myJPKm;Директор;Лукий;Моисеев ;Борисович;;;;
loginDExsn2018;lY3vnH;Мастер;Никита;Одинцов ;Игоревич;;;;
loginDEnnv2018;rITdxe;Заказчик;Демьян;Игнатов ;Матвеевич;;;;
loginDEqwh2018;yBJ1BR;Мастер;Октябрина;Щербакова ;Евгеньевна;;;;
loginDEqdb2018;&S*k|o;Заместитель директора;Андрей;Баранов ;Евсеевич;;;;
loginDExdk2018;qZhYRF;Директор;Агафон;Самойлов ;Юлианович;;;;
loginDEgwd2018;AVPVNQ;Менеджер;Таисия;Кабанова ;Донатовна;;;;
loginDExvb2018;QC7KQ0;Менеджер;Тамара;Евсеева ;Эдуардовна;;;;
loginDEdhh2018;WpZhYf;Заказчик;Фёкла;Лапина ;Мстиславовна;;;;
loginDErhx2018;iCAe1v;Директор;Владислав;Дроздов ;Эдуардович;;;;
loginDEenm2018;2s1Lxh;Менеджер;Ираида;Орехова ;Николаевна;;;;
loginDEwqd2018;MF2TkC;Мастер;Анастасия;Брагина ;Кимовна;;;;
loginDEwom2018;fU+Q0O;Заказчик;Лаврентий;Большаков ;Валерьевич;;;;
loginDEngr2018;#ИМЯ?;Заказчик;Евдокия;Меркушева ;Кимовна;;;;
loginDEjpa2018;cagBg7;Директор;Надежда;Быкова ;Авксентьевна;;;;
loginDEpgx2018;c**OJQ;Мастер;Екатерина;Бурова ;Ефимовна;;;;
loginDEnng2018;E{1p}t;Заказчик;Михаил;Беспалов ;Фёдорович;;;;
loginDEtmh2018;ZQ2*|q;Мастер;Вячеслав;Марков ;Владимирович;;;;
loginDEcbm2018;puJ4i1;Директор;Марина;Дорофеева ;Никитевна;;;;
loginDEfae2018;pa&d4a;Мастер;Парфений;Блохин ;Владленович;;;;
loginDEqzo2018;Gy3lzx;Менеджер;Альвиан;Самсонов ;Игнатьевич;;;;
loginDEcan2018;SZKNx{;Мастер;Наина;Орехова ;Кондратовна;;;;
loginDEobl2018;K+rV}b;Директор;Геннадий;Борисов ;Вячеславович;;;;
loginDEeyg2018;TOcMjG;Заместитель директора;Владлен;Афанасьев ;Евгеньевич;;;;
loginDEdld2018;6OKEWQ;Директор;Алина;Колобова ;Парфеньевна;;;;
loginDErvs2018;V7Rly7;Менеджер;Христофор;Туров ;Филатович;;;;
loginDEpux2018;NrtA{k;Мастер;Олег;Мартынов ;Олегович;;;;
loginDEgwm2018;S2JKft;Мастер;Елена;Давыдова ;Георгьевна;;;;
loginDEecp2018;iOJ*u2;Директор;Павел;Лапин ;Макарович;;;;
loginDEvbv2018;4X6wL5;Заместитель директора;Ульяна;Громова ;Егоровна;;;;
loginDErxe2018;0egZd8;Директор;Нина;Нестерова ;Юрьевна;;;;
loginDEart2018;hnNvJ6;Заместитель директора;Фёдор;Захаров ;Викторович;;;;
loginDEqwf2018;YD3ird;Менеджер;Вероника;Артемьева ;Улебовна;;;;
loginDEszy2018;nq+dxM;Директор;Аристарх;Зайцев ;Егорович;;;;
loginDEbvt2018;dQdmQF;Менеджер;Авксентий;Галкин ;Ильяович;;;;
loginDEkws2018;fZj28G;Директор;Павел;Матвеев ;Еремеевич;;;;
loginDEizo2018;0wQJ2L;Менеджер;Федосей;Ершов ;Геласьевич;;;;
loginDEnnf2018;z|t5P{;Мастер;Нонна;Гущина ;Ефимовна;;;;
loginDEcpv2018;|titk+;Директор;Яков;Матвеев ;Христофорович;;;;
loginDEnsx2018;czRSi3;Заказчик;Пелагея;Рожкова ;Геннадьевна;;;;
loginDEazz2018;uhLV9n;Мастер;Агата;Щербакова ;Матвеевна;;;;
loginDEjkw2018;8I8Yk1;Заместитель директора;Иванна;Александрова ;Лаврентьевна;;;;
loginDEtri2018;0VC{f|;Менеджер;Фёдор;Моисеев ;Мэлсович;;;;
loginDEdlw2018;4tyo1M;Заказчик;Ярослав;Трофимов ;Валентинович;;;;
loginDEght2018;E3k7zP;Заместитель директора;Аркадий;Кондратьев ;Михаилович;;;;
loginDEhzq2018;QhSJos;Мастер;Матвей;Мартынов ;Антонович;;;;
loginDEwia2018;qVG5zl;Заместитель директора;Сергей;Лыткин ;Агафонович;;;;
loginDEwmh2018;YTtWqJ;Заказчик;Федот;Тимофеев ;Германнович;;;;
loginDEndq2018;cv7LdO;Заказчик;Ксения;Евсеева ;Георгьевна;;;;
loginDErid2018;vMG+ko;Директор;Глафира;Гришина ;Мэлсовна;;;;
loginDExxh2018;UgbzHK;Заместитель директора;Аркадий;Фёдоров ;Николаевич;;;;
loginDEwoz2018;vAuXEx;Заказчик;Пётр;Гурьев ;Федотович;;;;
loginDEdjc2018;x*slLs;Заместитель директора;Александр;Марков ;Созонович;;;;
loginDEgzq2018;FwZalk;Заместитель директора;Фрол;Попов ;Серапионович;;;;
loginDEefa2018;O6TkFS;Директор;Тихон;Жуков ;Германович;;;;
loginDEcdn2018;1MtIz};Заместитель директора;Феврония;Самсонова ;Арсеньевна;;;;
loginDEgwc2018;zWQpyU;Заказчик;Татьяна;Попова ;Артёмовна;;;;
loginDEefc2018;Zaj{+Y;Менеджер;Егор;Богданов ;Андреевич;;;;
loginDEjef2018;J+F{R1;Менеджер;Аристарх;Третьяков ;Геннадьевич;;;;
loginDEpib2018;VeJY8o;Директор;Людмила;Вишнякова ;Евгеньевна;;;;
loginDEekp2018;wvC|+L;Директор;Полина;Горшкова ;Якововна;;;;
loginDEjzb2018;lRjz+1;Мастер;Валентина;Соболева ;Созоновна;;;;
loginDEdqb2018;w+Sx*+;Директор;Феврония;Ковалёва ;Всеволодовна;;;;
loginDEptn2018;NXXNVO;Заместитель директора;Викторовна;Иван ;;;;;
loginDEcna2018;c4RbaU;Заместитель директора;Денис;Евсеев ;Борисович;;;;
loginDEdrj2018;eD*hjv;Заказчик;Виталий;Степанов ;Лукьевич;;;;
loginDEjrm2018;Cpb+Im;Мастер;Всеволод;Никифоров ;Иванович;;;;
loginDEpxl2018;P6h4Jq;Менеджер;Донат;Воронов ;Никитевич;;;;
loginDEwgk2018;&mfI9l;Мастер;Евгения;Игнатьева ;Валентиновна;;;;
loginDEpou2018;gX3f5Z;Заместитель директора;Федот;Буров ;Егорович;;;;
loginDEjwl2018;D4ZYHt;Заказчик;Семёновна;Иван ;;;;;
loginDEabf2018;*Tasm+;Заместитель директора;Дамир;Денисов ;Филатович;;;;
loginDEwjm2018;k}DJKo;Заместитель директора;Максим;Ершов ;Геласьевич;;;;
loginDEjvz2018;&|bGTy;Директор;Куприян;Копылов ;Пётрович;;;;
loginDEuyv2018;8hhrZ};Заказчик;Валерьян;Носов ;Дмитрьевич;;;;
loginDExdm2018;DH68L9;Заместитель директора;Игорь;Силин ;Авдеевич;;;;
loginDEeiv2018;H*BxlS;Менеджер;Александра;Дроздова ;Мартыновна;;;;
loginDEfuc2018;VuM+QT;Директор;Аркадий;Дроздов ;Геласьевич;;;;
loginDEoot2018;usi{aT;Мастер;Варвара;Боброва ;Евсеевна;;;;
loginDElhk2018;Okk0jY;Заказчик;Агата;Чернова ;Данииловна;;;;
loginDEazg2018;s3bb|V;Директор;Ульяна;Лыткина ;Станиславовна;;;;
loginDEaba2018;#ИМЯ?;Заместитель директора;Леонид;Лаврентьев ;Игнатьевич;;;;
loginDEtco2018;tTKDJB;Мастер;Юрий;Кулаков ;Владленович;;;;
loginDEsyq2018;2QbpBN;Менеджер;Андрей;Соловьёв ;Александрович;;;;
loginDEpxi2018;+5X&hy;Заместитель директора;Марфа;Корнилова ;Макаровна;;;;
loginDEicr2018;3+|Sn{;Заместитель директора;Любовь;Белоусова ;Георгьевна;;;;
loginDEcui2018;Zi1Tth;Менеджер;Никита;Анисимов ;Гордеевич;;;;
loginDEpxc2018;G+nFsv;Директор;Фаина;Стрелкова ;Федосеевна;;;;
loginDEqrd2018;sApUbt;Менеджер;Евгений;Осипов ;Иванович;;;;
loginDEsso2018;#ИМЯ?;Директор;Иванна;Владимирова ;Павловна;;;;
loginDErsy2018;{Aa6nS;Заместитель директора;Жанна;Кудрявцева ;Демьяновна;;;;
loginDEvpz2018;mS0UxK;Мастер;Яков;Матвиенко ;Брониславович;;;;
loginDEfog2018;glICay;Директор;Егор;Селезнёв ;Артёмович;;;;
loginDEpii2018;Ob}RZB;Заместитель директора;Куприян;Брагин ;Митрофанович;;;;
loginDEhyk2018;*gN}Tc;Директор;Виктор;Гордеев ;Эдуардович;;;;
loginDEdxi2018;ywLUbA;Заместитель директора;Онисим;Мартынов ;Брониславович;;;;
loginDEzro2018;B24s6o;Заместитель директора;Евгения;Никонова ;Павловна;;;;
loginDEuxg2018;K8jui7;Директор;Анна;Полякова ;Денисовна;;;;
loginDEllw2018;jNtNUr;Заказчик;Пелагея;Макарова ;Антониновна;;;;
loginDEddg2018;gGGhvD;Заказчик;Анна;Андреева ;Вячеславовна;;;;
loginDEpdz2018;#ИМЯ?;Заказчик;Кира;Кудрявцева ;Ефимовна;;;;
loginDEyiw2018;cnj3QR;Менеджер;Кира;Шилова ;Егоровна;;;;
loginDEqup2018;95AU|R;Менеджер;Игорь;Ситников ;Борисович;;;;
loginDExil2018;w+++Ht;Заказчик;Борис;Русаков ;Христофорович;;;;
loginDEkuv2018;Ade++|;Заместитель директора;Ульяна;Капустина ;Игоревна;;;;
loginDEmox2018;Je}9e7;Менеджер;Семён;Беляков ;Германнович;;;;
loginDEvug2018;lEa{Cn;Мастер;Ириней;Гурьев ;Игнатьевич;;;;
loginDEzre2018;N*VX+G;Заказчик;Христофор;Мишин ;Леонидович;;;;
loginDEbes2018;NaVtyH;Директор;Антонина;Лазарева ;Христофоровна;;;;
loginDEkfg2018;r1060q;Заместитель директора;Ираида;Маркова ;Сергеевна;;;;
loginDEyek2018;KY2BL4;Мастер;Пелагея;Носкова ;Валерьевна;;;;
loginDEloq2018;NZV5WR;Мастер;Станислав;Баранов ;Дмитрьевич;;;;
loginDEjfb2018;TNT+}h;Директор;Демьян;Ефремов ;Артёмович;;;;
loginDEueq2018;GqAUZ6;Мастер;Всеволод;Константинов ;Мэлсович;;;;
loginDEpqz2018;F0Bp7F;Заказчик;Ираида;Ситникова ;Андреевна;;;;
loginDEovk2018;JyJM{A;Директор;Кондрат;Матвеев ;Иванович;;;;
loginDEhej2018;K9Z5Vp;Мастер;Альвиан;Носков ;Онисимович;;;;
loginDEqrj2018;PC2nrX;Менеджер;Любовь;Степанова ;Мэлсовна;;;;
loginDEqca2018;hLEkgV;Заказчик;Авдей;Кононов ;Протасьевич;;;;
loginDElme2018;|wu0n4;Заказчик;Макар;Ларионов ;Якунович;;;;
loginDEfnf2018;6cftrw;Заказчик;Эмилия;Пахомова ;Геласьевна;;;;
loginDEpbt2018;}}vuSH;Заказчик;Виктор;Сысоев ;Варламович;;;;
loginDEhdc2018;iF+GK&;Заказчик;Ия;Денисова ;Филатовна;;;;
loginDEcox2018;y+vRV{;Менеджер;Акулина;Лобанова ;Игоревна;;;;
loginDEsds2018;SxMndn;Заказчик;Максим;Жуков ;Николаевич;;;;
loginDEbye2018;sHjuzU;Заказчик;Анжелика;Александрова ;Евгеньевна;;;;
loginDEakk2018;f5aZnV;Директор;Игнатий;Коновалов ;Юлианович;;;;
loginDEmrf2018;uEB&n4;Директор;Ростислав;Михайлов ;Вадимович;;;;
loginDEyje2018;zxEUoz;Менеджер;Герман;Шаров ;Митрофанович;;;;
loginDEhqg2018;0Z4{o3;Заказчик;Нонна;Воронцова ;Дмитрьевна;;;;
loginDExyv2018;wSMsO2;Заказчик;Мария;Хохлова ;Тихоновна;;;;
loginDEwoq2018;0RQ1nZ;Директор;Федосей;Уваров ;Донатович;;;;
loginDEkbf2018;mBqfYS;Менеджер;Нина;Андреева ;Михаиловна;;;;
loginDEwtx2018;Ig3rQJ;Менеджер;Николай;Новиков ;Мэлсович;;;;
loginDEhio2018;3Aaqne;Мастер;Анна;Жданова ;Еремеевна;;;;
loginDEome2018;hAOrBa;Заказчик;Фёкла;Егорова ;Кондратовна;;;;
loginDEflj2018;alo84u;Заказчик;Лукий;Зиновьев ;Владимирович;;;;
loginDEnei2018;M2pIA8;Заказчик;Протасий;Пахомов ;Артёмович;;;;
loginDEzbo2018;8km&kZ;Мастер;Дамир;Рожков ;Ростиславович;;;;
loginDEsdu2018;}MbQZe;Менеджер;Лариса;Наумова ;Антоновна;;;;
loginDEklp2018;kecK{O;Директор;Максим;Кузьмин ;Антонинович;;;;
loginDEzdc2018;Zf8mx0;Заместитель директора;Демьян;Беспалов ;Алексеевич;;;;
loginDEkzp2018;G*n9OB;Директор;Мартын;Суханов ;Глебович;;;;
loginDEdqe2018;Gzy&A6;Директор;Никита;Сергеев ;Валентинович;;;;
loginDElmm2018;dbX7VE;Менеджер;Тамара;Пахомова ;Владиславовна;;;;
loginDEnhf2018;PlKjdc;Заместитель директора;Демьян;Герасимов ;Никитевич;;;;
loginDEcrj2018;FI&nQq;Директор;Феврония;Гришина ;Егоровна;;;;
loginDExhd2018;8sE1Q5;Мастер;Вера;Козлова ;Георгьевна;;;;
loginDEgcs2018;hNDB+t;Заместитель директора;Мария;Лазарева ;Сергеевна;;;;
loginDEmub2018;RDXGd1;Директор;Василий;Медведьев ;Варламович;;;;
loginDEqms2018;|uq7Lb;Мастер;Виктор;Орлов ;Павлович;;;;
loginDEvqe2018;wJzfcY;Заказчик;Агафон;Журавлёв ;Мэлсович;;;;
loginDEupi2018;WNX1|z;Заказчик;Мартын;Тимофеев ;Еремеевич;;;;
loginDEwka2018;y}vBjg;Менеджер;Мартын;Ларионов ;Геласьевич;;;;
loginDEkkb2018;#ИМЯ?;Заместитель директора;Андрей;Белозёров ;Николаевич;;;;
loginDEeni2018;mpWg+d;Заказчик;Дмитрий;Пономарёв ;Гордеевич;;;;
loginDEset2018;CTN+IM;Мастер;Юлия;Белозёрова ;Ростиславовна;;;;
loginDEmii2018;B84UwV;Менеджер;Александр;Щербаков ;Федотович;;;;
loginDEikh2018;3yKW4y;Директор;Даниил;Артемьев ;Филатович;;;;
loginDEaqv2018;nl0D9i;Заказчик;Дамир;Зиновьев ;Ефимович;;;;
loginDErgc2018;Hr9YpQ;Заказчик;Лукий;Туров ;Альбертович;;;;
loginDEntg2018;pVmHC0;Директор;Мария;Смирнова ;Иринеевна;;;;
loginDEbuk2018;gLK7UQ;Директор;Октябрина;Крюкова ;Геннадьевна;;;;
loginDEsib2018;pM3n0J;Менеджер;Мария;Медведева ;Антониновна;;;;
loginDEmqs2018;KRp6IW;Мастер;Степан;Назаров ;Макарович;;;;
loginDEljn2018;368eRp;Мастер;Василиса;Николаева ;Всеволодовна;;;;
loginDEppn2018;6}i+FD;Мастер;Сергей;Ефремов ;Пантелеймонович;;;;
loginDElqb2018;RNynil;Заказчик;Тамара;Родионова ;Валентиновна;;;;
loginDEydn2018;34I}X9;Заместитель директора;Галина;Миронова ;Улебовна;;;;
loginDEijg2018;4QlKJW;Заместитель директора;Роман;Сидоров ;Иринеевич;;;;
loginDEdpy2018;MJ0W|f;Директор;Парфений;Ситников ;Всеволодович;;;;
loginDEwdm2018;&PynqU;Директор;Роман;Никонов ;Геласьевич;;;;
loginDEdup2018;JM+2{s;Директор;Владимир;Щербаков ;Матвеевич;;;;
loginDEhbm2018;9aObu4;Заместитель директора;Мартын;Кулаков ;Михаилович;;;;
loginDExvq2018;hX0wJz;Мастер;Оксана;Сазонова ;Лаврентьевна;;;;
loginDErks2018;LQNSjo;Мастер;Варлам;Архипов ;Мэлорович;;;;
loginDErvb2018;ceAf&R;Директор;Ираида;Устинова ;Мэлоровна;;;;
loginDEulo2018;#ИМЯ?;Заказчик;Георгий;Лукин ;Альбертович;;;;
loginDEgfw2018;3c2Ic1;Заказчик;Эдуард;Кононов ;Валентинович;;;;
loginDEmxb2018;ZPXcRS;Мастер;Клавдия;Орехова ;Альбертовна;;;;
loginDEgeq2018;&&Eim0;Директор;Яков;Яковлев ;Эдуардович;;;;
loginDEkhj2018;Pbc0t{;Заказчик;Мэлс;Воронов ;Семёнович;;;;
loginDEliu2018;32FyTl;Мастер;Ия;Вишнякова ;Данииловна;;;;
loginDEsmf2018;{{O2QG;Заместитель директора;Фёдор;Третьяков ;Вадимович;;;;
loginDEutd2018;GbcJvC;Заказчик;Максим;Макаров ;Ильяович;;;;
loginDEpgh2018;YV2lvh;Заместитель директора;Маргарита;Шубина ;Анатольевна;;;;
loginDEvop2018;pBP8rO;Заместитель директора;Ангелина;Блинова ;Владленовна;;;;
loginDEwjo2018;EQaD|d;Заместитель директора;Владлен;Воробьёв ;Фролович;;;;
loginDEbur2018;aZKGeI;Директор;Прасковья;Сорокина ;Фёдоровна;;;;
loginDEszw2018;EGU{YE;Менеджер;Яков;Давыдов ;Антонович;;;;
loginDExsu2018;*2RMsp;Мастер;Евдокия;Рыбакова ;Анатольевна;;;;
loginDEztn2018;nJBZpU;Заказчик;Геннадий;Маслов ;Фролович;;;;
loginDEtmn2018;UObB}N;Директор;Элеонора;Цветкова ;Аристарховна;;;;
loginDEhep2018;SwRicr;Мастер;Ростислав;Евдокимов ;Александрович;;;;
loginDEevr2018;zO5l}l;Мастер;Венера;Никонова ;Станиславовна;;;;
loginDEnpa2018;M*QLjf;Директор;Егор;Громов ;Антонович;;;;
loginDEgyt2018;Pav+GP;Менеджер;Валерия;Суворова ;Борисовна;;;;
loginDEbrr2018;Z7L|+i;Заместитель директора;Елизавета;Мишина ;Романовна;;;;
loginDEyoo2018;UG1BjP;Заместитель директора;Ольга;Зимина ;Аркадьевна;;;;
loginDEaob2018;3fy+3I;Заместитель директора;Игнатий;Игнатьев ;Антонинович;;;;
loginDEwtz2018;&GxSST;Мастер;Зинаида;Пахомова ;Витальевна;;;;
loginDEctf2018;sjt*3N;Заместитель директора;Владимир;Устинов ;Федосеевич;;;;
loginDEipm2018;MAZl6|;Заместитель директора;Мэлор;Кулаков ;Вячеславович;;;;
loginDEjoi2018;o}C4jv;Заместитель директора;Авксентий;Сазонов ;Брониславович;;;;
loginDEwap2018;4hny7k;Директор;Наина;Бурова ;Брониславовна;;;;
loginDEaxm2018;BEc3xq;Заместитель директора;Демьян;Фадеев ;Федосеевич;;;;
loginDEsmq2018;ATVmM7;Директор;Дарья;Бобылёва ;Якуновна;;;;
loginDEeur2018;n4V{wP;Заместитель директора;Созон;Виноградов ;Арсеньевич;;;;
loginDEvke2018;WQLXSl;Менеджер;Владлен;Гордеев ;Ефимович;;;;
loginDEvod2018;0EW93v;Мастер;Зинаида;Иванова ;Валерьевна;;;;
loginDEjaw2018;h6z&Ky;Мастер;Руслан;Гусев ;Дамирович;;;;
loginDEpdp2018;8NvRfC;Заместитель директора;Дмитрий;Маслов ;Иванович;;;;
loginDEjpp2018;oMOQq3;Заказчик;Ульяна;Антонова ;Семёновна;;;;
loginDEkiy2018;BQzsts;Мастер;Людмила;Орехова ;Владимировна;;;;
loginDEhmn2018;a|Iz|7;Мастер;Жанна;Авдеева ;Куприяновна;;;;
loginDEfmn2018;cw3|03;Менеджер;Фрол;Кузнецов ;Варламович;;;;
loginDErfg2018;5ovb1N;Заказчик;Онисим;Лихачёв ;Гордеевич;;;;
loginDEymi2018;nR0+pI;Заместитель директора;Тихон;Рожков ;Владиславович;;;;
loginDEnbi2018;Ed*JQP;Мастер;Максим;Павлов ;Фёдорович;;;;
loginDEhvg2018;SaHv6w;Директор;Матвей;Шилов ;Альбертович;;;;
loginDEmbg2018;Fou{d3;Мастер;Федосей;Шаров ;Юрьевич;;;;
loginDEubq2018;{jzW2v;Мастер;Пелагея;Медведева ;Мартыновна;;;;
loginDEosl2018;O3O}we;Менеджер;Григорий;Медведев ;Агафонович;;;;
loginDErog2018;&W4Wtq;Менеджер;Марфа;Соколова ;Всеволодовна;;;;
loginDEsku2018;fUldqr;Заместитель директора;Василиса;Петухова ;Еремеевна;;;;
loginDEatu2018;}nGbhZ;Заместитель директора;Галина;Беспалова ;Дмитрьевна;;;;
loginDEhks2018;XV|+W4;Заказчик;Александра;Андреева ;Владиславовна;;;;
loginDEzbl2018;ih4xKJ;Директор;Федот;Селезнёв ;Валентинович;;;;
loginDEoxa2018;mL+97r;Мастер;Сергей;Вишняков ;Иванович;;;;
loginDEssm2018;oBrTGr;Заместитель директора;Василий;Зимин ;Русланович;;;;
loginDEzxw2018;pX&AsH;Директор;Регина;Фадеева ;Онисимовна;;;;
loginDEkzo2018;n3es*S;Менеджер;Варлам;Артемьев ;Альбертович;;;;
loginDEdaq2018;dWsvBS;Заместитель директора;Лукий;Щербаков ;Онисимович;;;;
loginDEnjd2018;0&3HHn;Менеджер;Матвей;Горбунов ;Сергеевич;;;;
loginDEluw2018;S3wj{I;Менеджер;Варвара;Зиновьева ;Антоновна;;;;
loginDEole2018;p+kvb6;Заказчик;Юрий;Фролов ;Варламович;;;;
loginDEebl2018;#ИМЯ?;Заместитель директора;Василиса;Ларионова ;Владимировна;;;;
loginDEfug2018;z|6cXV;Менеджер;Вячеслав;Силин ;Валерьевич;;;;
loginDEgfx2018;GFSZAB;Директор;Феврония;Герасимова ;Валерьяновна;;;;
loginDEtww2018;4icZTg;Мастер;Вера;Пономарёва ;Руслановна;;;;
loginDElyc2018;#ИМЯ?;Менеджер;Руслан;Медведьев ;Богданович;;;;
loginDEcbd2018;GwG*p6;Директор;Геласий;Владимиров ;Пантелеймонович;;;;
loginDEcay2018;ehtG*H;Мастер;Иван;Корнилов ;Игоревич;;;;
loginDEmel2018;8zmoSV;Заместитель директора;Вячеславовна;Иван ;;;;;
loginDEhqk2018;KBc4A+;Директор;Зинаида;Ермакова ;Данииловна;;;;
loginDEkny2018;v2+4Ro;Директор;Элеонора;Пахомова ;Григорьевна;;;;
loginDEmda2018;sG+NF0;Директор;Вера;Гущина ;Ефимовна;;;;
loginDEhhf2018;d+GS5y;Заместитель директора;Антонина;Полякова ;Андреевна;;;;
loginDEilc2018;eyRufZ;Заказчик;Марина;Зуева ;Ильяовна;;;;
loginDEwfv2018;ZSUiGT;Заместитель директора;Агафон;Агафонов ;Максимович;;;;
loginDEozn2018;nndP3Q;Директор;Агафон;Архипов ;Игоревич;;;;
loginDEbtr2018;FdZrI3;Менеджер;Иванна;Лапина ;Аристарховна;;;;
loginDEcuf2018;aOdzYf;Мастер;Мария;Маслова ;Аристарховна;;;;
loginDEtye2018;MEJjQt;Заместитель директора;Василий;Русаков ;Куприянович;;;;
loginDEncq2018;GgG3m0;Мастер;Евдокия;Николаева ;Пётровна;;;;
loginDEtmt2018;}FOh*};Заказчик;Олег;Прохоров ;Брониславович;;;;
loginDEyqb2018;xLmuQq;Заказчик;Макар;Зайцев ;Владленович;;;;
loginDExld2018;a8Vjkx;Мастер;Сергей;Жданов ;Гордеевич;;;;
loginDEnig2018;Cm00D0;Заказчик;Авдей;Нестеров ;Митрофанович;;;;
loginDEmly2018;IZJ7O|;Менеджер;Глафира;Григорьева ;Антоновна;;;;
loginDElom2018;Yg}k84;Директор;Геласий;Зыков ;Лаврентьевич;;;;
loginDEvoa2018;RdGikC;Заместитель директора;Марфа;Александрова ;Протасьевна;;;;
loginDEwmq2018;ds4KAb;Заказчик;Донат;Мухин ;Ростиславович;;;;
loginDEdba2018;D7xF6u;Заказчик;Геласий;Костин ;Германнович;;;;
loginDEnsr2018;VZKTog;Заместитель директора;Протасий;Лазарев ;Игоревич;;;;
loginDEqsc2018;UU|FkZ;Заказчик;Богдан;Пестов ;Германнович;;;;
loginDEbct2018;Qg3gff;Директор;Владислав;Алексеев ;Аркадьевич;;;;
loginDEvtg2018;ETMNzL;Мастер;Евфросиния;Савельева ;Арсеньевна;;;;
loginDEuro2018;a1MIcO;Менеджер;Мэлс;Никонов ;Лукьевич;;;;
loginDEpst2018;0CyGnX;Директор;Агафья;Горшкова ;Онисимовна;;;;
loginDEpsu2018;Vx9cQ{;Менеджер;Пантелеймон;Горбачёв ;Германович;;;;
loginDEzqs2018;qM9p7i;Заместитель директора;Иванна;Ершова ;Максимовна;;;;
loginDEioe2018;yMPu&2;Мастер;Денис;Туров ;Геласьевич;;;;
loginDEcmk2018;3f+b0+;Менеджер;Наина;Носова ;Эдуардовна;;;;
loginDEfsp2018;&dtlI+;Директор;Андрей;Куликов ;Святославович;;;;
loginDExcd2018;SZXZNL;Менеджер;Агафон;Нестеров ;Георгьевич;;;;
loginDEvlf2018;O5mXc2;Заказчик;Геласий;Козлов ;Христофорович;;;;
loginDEanv2018;Xiq}M3;Заместитель директора;Анжелика;Борисова ;Анатольевна;;;;
loginDEzde2018;tlO3x&;Заказчик;Станислав;Суханов ;Фролович;;;;
loginDEriv2018;GJ2mHL;Менеджер;Феврония;Тетерина ;Эдуардовна;;;;
loginDEhcp2018;n2nfRl;Мастер;Александра;Муравьёва ;Ростиславовна;;;;
loginDEwjv2018;ZfseKA;Заказчик;Лукия;Новикова ;Ярославовна;;;;
loginDEiry2018;5zu7+};Директор;Лариса;Агафонова ;Михаиловна;;;;
loginDEgbr2018;}+Ex1*;Мастер;Агата;Сергеева ;Юрьевна;;;;
loginDExxv2018;+daE|T;Мастер;Елена;Колобова ;Евгеньевна;;;;
loginDEbto2018;b1iYMI;Заказчик;Николай;Ситников ;Филатович;;;;
loginDEfbs2018;v90Rep;Заместитель директора;Роман;Белов ;Иринеевич;;;;
loginDEple2018;WlW+l8;Заместитель директора;Алла;Волкова ;Лукьевна;;;;
loginDEhhx2018;hmCHeQ;Заместитель директора;Таисия;Кудрявцева ;Игоревна;;;;
loginDEayn2018;Ka2Fok;Мастер;Октябрина;Семёнова ;Христофоровна;;;;
loginDEwld2018;y9HStF;Директор;Сергей;Смирнов ;Яковович;;;;
loginDEhuu2018;X31OEf;Заместитель директора;Алина;Брагина ;Валерьевна;;;;
loginDEmjb2018;5mm{ch;Директор;Игорь;Евсеев ;Донатович;;;;
loginDEdgp2018;1WfJjo;Мастер;Илья;Суворов ;Евсеевич;;;;
loginDEgyi2018;|7nYPc;Мастер;Денис;Котов ;Мартынович;;;;
loginDEmvn2018;Mrr9e0;Менеджер;Юлия;Бобылёва ;Егоровна;;;;
loginDEfoj2018;nhGc+D;Заказчик;Бронислав;Брагин ;Георгьевич;;;;
loginDEuuo2018;42XmH1;Заместитель директора;Владимир;Александров ;Дамирович;;;;
loginDEhsj2018;s+jrMW;Директор;Ириней;Фокин ;Ростиславович;;;;
loginDEvht2018;zMyS8Z;Мастер;Митрофан;Воронов ;Антонович;;;;
loginDEeqo2018;l5CBqA;Заместитель директора;Мстислав;Маслов ;Антонинович;;;;
loginDExrf2018;mhpRIT;Заместитель директора;Георгий;Щербаков ;Богданович;;;;
loginDEfku2018;a1m+8c;Заказчик;Эмилия;Кириллова ;Федосеевна;;;;
loginDExix2018;hzxtnn;Мастер;Серапион;Васильев ;Макарович;;;;
loginDEqrf2018;mI8n58;Мастер;Олимпиада;Галкина ;Владленовна;;;;
loginDEhlk2018;g0jSed;Заместитель директора;Ксения;Яковлева ;Онисимовна;;;;
loginDEwoe2018;yOtw2F;Мастер;Александра;Калашникова ;Владимировна;;;;
loginDExyu2018;7Fg}9p;Директор;Таисия;Медведьева ;Тихоновна;;;;
loginDEcor2018;2cIrC8;Менеджер;Ольга;Карпова ;Лукьевна;;;;
loginDEqon2018;YeFbh6;Заместитель директора;Мстислав;Герасимов ;Дамирович;;;;
loginDEyfd2018;8aKdb0;Заместитель директора;Ксения;Тимофеева ;Валерьевна;;;;
loginDEtto2018;qXYDuu;Директор;Вячеслав;Горбунов ;Станиславович;;;;
loginDEdal2018;cJWXL0;Менеджер;Кира;Кошелева ;Владиславовна;;;;
loginDEbjs2018;Xap2ct;Мастер;Марина;Панфилова ;Борисовна;;;;
loginDEdof2018;kD|LRU;Заместитель директора;Матвей;Кудрявцев ;Игоревич;;;;
loginDEsnh2018;#ИМЯ?;Заместитель директора;Эдуард;Зуев ;Пантелеймонович;;;;
loginDEftn2018;gPq+a};Мастер;Вячеслав;Герасимов ;Ростиславович;;;;
loginDEhuv2018;EJFYzS;Мастер;Всеволод;Суворов ;Богданович;;;;
loginDEfhd2018;{4wU7n;Заместитель директора;Иван;Ширяев ;Игоревич;;;;
loginDEaon2018;&OmaNE;Мастер;Иванна;Колобова ;Геннадьевна;;;;
loginDEyat2018;ELSTyH;Директор;Антон;Шестаков ;Константинович;;;;
loginDEmin2018;pQ6jze;Заказчик;Федосей;Игнатьев ;Богданович;;;;
loginDEzal2018;zbU8R5;Менеджер;Валентин;Горбунов ;Григорьевич;;;;
loginDEemw2018;NxhF5I;Директор;Анжела;Терентьева ;Михаиловна;;;;
loginDEmqt2018;SIasu5;Заместитель директора;Ия;Мясникова ;Евсеевна;;;;
loginDEpxx2018;Xv{vjN;Директор;Григорий;Горбунов ;Денисович;;;;
loginDEetv2018;lNi&rF;Заместитель директора;Олег;Герасимов ;Авксентьевич;;;;
loginDEonq2018;mKIIRQ;Менеджер;Нинель;Меркушева ;Матвеевна;;;;
loginDErhl2018;U}rb9j;Заказчик;Григорий;Степанов ;Матвеевич;;;;
loginDEfou2018;O+S9hm;Заместитель директора;Владлен;Агафонов ;Станиславович;;;;
loginDElno2018;le1vt2;Заказчик;Фрол;Кузнецов ;Георгьевич;;;;
loginDEtbx2018;CQplH|;Мастер;Борис;Игнатьев ;Владиславович;;;;
loginDEltw2018;zvjkwE;Заказчик;Юрий;Симонов ;Созонович;;;;
loginDEfuz2018;ILry03;Мастер;Евсей;Степанов ;Федотович;;;;
loginDEygj2018;7b6PUb;Заместитель директора;Вячеслав;Зыков ;Антонович;;;;
loginDEwpn2018;9BBkXP;Мастер;Алина;Анисимова ;Протасьевна;;;;
loginDEyix2018;6zbXg*;Директор;Лариса;Артемьева ;Макаровна;;;;
loginDEtms2018;70Z&Zy;Заместитель директора;Ия;Мамонтова ;Христофоровна;;;;
loginDEmgl2018;QJNgD&;Директор;Светлана;Котова ;Леонидовна;;;;
loginDEhix2018;ZKnd*0;Мастер;Алла;Фёдорова ;Брониславовна;;;;
loginDEwbk2018;iJMh5B;Заказчик;Анжела;Гущина ;Аркадьевна;;;;
loginDEpwa2018;yn5MLQ;Заказчик;Григорий;Дмитриев ;Мэлорович;;;;
loginDElrx2018;lbX+dF;Мастер;Фёкла;Дроздова ;Митрофановна;;;;
loginDEidx2018;R2j0mn;Заказчик;Василий;Гаврилов ;Германович;;;;
loginDEzmk2018;ZrgBk6;Менеджер;Фаина;Суханова ;Юрьевна;;;;
loginDEvje2018;gCU1fd;Менеджер;Егор;Савельев ;Сергеевич;;;;
loginDEwun2018;yy+Qhe;Мастер;Васильевна;Иван ;;;;;
loginDEfzq2018;36H8f};Заказчик;Клавдия;Сазонова ;Евгеньевна;;;;
loginDEwel2018;UU5FTi;Директор;Григорий;Шаров ;Созонович;;;;
loginDEljg2018;CT44Gc;Заказчик;Кондрат;Щербаков ;Фёдорович;;;;
loginDEgsp2018;9ACW}r;Мастер;Дмитрий;Дроздов ;Юлианович;;;;
loginDEjvp2018;etLGcB;Мастер;Юрий;Молчанов ;Лукьянович;;;;
loginDEapt2018;cwx{RH;Заказчик;Валентин;Тихонов ;Авдеевич;;;;
loginDEilb2018;IN2Ahc;Директор;Юрий;Виноградов ;Лукьевич;;;;
loginDErch2018;|&DFy+;Директор;Нинель;Горбунова ;Сергеевна;;;;
loginDEfwx2018;t|*wCk;Заказчик;Леонид;Маслов ;Николаевич;;;;
loginDEggp2018;bBNxJb;Заказчик;Венера;Родионова ;Арсеньевна;;;;
loginDEbgb2018;VtmP58;Заказчик;Пантелеймон;Агафонов ;Гордеевич;;;;
loginDEnif2018;Nhj*t+;Заказчик;Гордей;Кудрявцев ;Авксентьевич;;;;
loginDEsvs2018;tLgPnC;Менеджер;Алевтина;Лыткина ;Романовна;;;;
loginDEghx2018;gue+iw;Заместитель директора;Геласий;Князев ;Евсеевич;;;;
loginDElmy2018;X2LtuP;Мастер;Пелагея;Бирюкова ;Дмитрьевна;;;;
loginDEevd2018;GMbcZN;Мастер;Лаврентий;Быков ;Ярославович;;;;
loginDEodd2018;s2|Eb1;Директор;Олег;Воронов ;Яковович;;;;
loginDEmrj2018;blrD&8;Заместитель директора;Марфа;Богданова ;Владимировна;;;;
loginDEyct2018;uD+|Ud;Менеджер;Донат;Беляев ;Агафонович;;;;
loginDEsgg2018;qhgYnW;Директор;Вероника;Константинова ;Агафоновна;;;;
loginDEdcd2018;LxR6YI;Заместитель директора;Мартын;Меркушев ;Федотович;;;;
loginDEisg2018;Cp8ddU;Мастер;Федот;Казаков ;Кондратович;;;;
loginDEcph2018;7YpE0p;Заказчик;Улеб;Карпов ;Леонидович;;;;
loginDEgco2018;nMr|ss;Заказчик;Матвей;Королёв ;Вадимович;;;;
loginDEwjg2018;9UfqWQ;Заместитель директора;Герман;Юдин ;Кондратович;;;;
loginDEjbz2018;xIAWNI;Заказчик;Анна;Беляева ;Вячеславовна;;;;
loginDEmgu2018;0gC3bk;Заказчик;;Беляев ;Валентин;;;;
loginDErdg2018;ni0ue0;Мастер;Герман;Семёнов ;Дмитрьевич;;;;
loginDEjtv2018;f2ZaN6;Мастер;Илья;Шестаков ;Антонинович;;;;
loginDEtfj2018;{{ksPn;Заказчик;Вадим;Власов ;Васильевич;;;;
loginDEpnb2018;{ADBdc;Заказчик;Арсений;Савельев ;Авксентьевич;;;;
loginDEzer2018;5&R+zs;Директор;Руслан;Ефимов ;Якунович;;;;
loginDEiin2018;y9l*b};Мастер;Марфа;Бурова ;Федотовна;;;;
loginDEqda2018;|h+r}I;Заказчик;Александр;Селезнёв ;Никитевич;;;;
loginDEbnj2018;#ИМЯ?;Директор;Виктория;Кулакова ;Георгьевна;;;;
loginDEqte2018;dC8bDI;Заказчик;Кира;Дорофеева ;Демьяновна;;;;
loginDEfeo2018;8cI7vq;Менеджер;Нинель;Сафонова ;Якововна;;;;
loginDEvni2018;e4pVIv;Заместитель директора;София;Ситникова ;Лукьевна;;;;
loginDEjis2018;A9K++2;Менеджер;Ириней;Медведев ;Геннадьевич;;;;
loginDExvv2018;R1zh}|;Заместитель директора;Евгения;Суханова ;Улебовна;;;;
loginDEadl2018;F&IWf4;Заказчик;Владлен;Игнатьев ;Дамирович;;;;
loginDEyzn2018;P1v24R;Заместитель директора;Христофор;Ефремов ;Владиславович;;;;
loginDEphn2018;F}jGsJ;Менеджер;Ростислав;Кошелев ;Куприянович;;;;
loginDEdvk2018;NKNkup;Менеджер;Тамара;Галкина ;Авксентьевна;;;;
loginDEtld2018;c+CECK;Менеджер;Вера;Журавлёва ;Арсеньевна;;;;
loginDEima2018;XK3sOA;Менеджер;Таисия;Савина ;Глебовна;;;;
loginDEyfe2018;4Bbzpa;Заместитель директора;Яков;Иванов ;Мэлорович;;;;
loginDEwqc2018;vRtAP*;Директор;Ким;Лыткин ;Алексеевич;;;;
loginDEgtt2018;7YD|BR;Заказчик;Федот;Логинов ;Святославович;;;;
loginDEiwl2018;LhlmIl;Заместитель директора;Марина;Русакова ;Юлиановна;;;;
loginDEyvi2018;22beR};Менеджер;Пётр;Константинов ;Кондратович;;;;
loginDEtfz2018;uQY0ZQ;Заместитель директора;Анатолий;Поляков ;Игоревич;;;;
loginDEikb2018;*QkUxc;Заказчик;Василиса;Панфилова ;Григорьевна;;;;
loginDEdmi2018;HOGFbU;Мастер;Герман;Воробьёв ;Романович;;;;
loginDEtlo2018;58Jxrg;Заказчик;Ростислав;Андреев ;Федосеевич;;;;
loginDEsnd2018;lLHqZf;Менеджер;Агафон;Бобров ;Владимирович;;;;
loginDEgno2018;4fqLiO;Заказчик;Алексей;Лапин ;Витальевич;;;;
loginDEgnl2018;wdio{u;Заместитель директора;Авдей;Шестаков ;Иванович;;;;
loginDEzna2018;yz1iMB;Менеджер;Алина;Гаврилова ;Эдуардовна;;;;
loginDEsyh2018;&4jYGs;Заказчик;Юлиан;Жуков ;Валерьянович;;;;
loginDExex2018;rnh36{;Заместитель директора;Максим;Пономарёв ;Альвианович;;;;
loginDEdjm2018;KjI1JR;Заказчик;Мария;Зиновьева ;Лаврентьевна;;;;
loginDEgup2018;36|KhF;Директор;Артём;Осипов ;Мэлорович;;;;
loginDEdat2018;ussd8Q;Мастер;Вячеслав;Лапин ;Геласьевич;;;;
loginDEffj2018;cJP+HC;Менеджер;Ириней;Зуев ;Вадимович;;;;
loginDEisp2018;dfz5Ii;Заказчик;Агафья;Коновалова ;Митрофановна;;;;
loginDEfrp2018;6dcR|9;Директор;Дмитрий;Исаев ;Аристархович;;;;
loginDEaee2018;5&qONH;Менеджер;Алевтина;Белозёрова ;Лаврентьевна;;;;
loginDEthu2018;|0xWzV;Директор;Агафон;Самсонов ;Максимович;;;;
loginDEdcx2018;TYlFkM;Мастер;Евсей;Якушев ;Лукьевич;;;;
loginDEnsa2018;LdqH+T;Менеджер;Святослав;Фёдоров ;Григорьевич;;;;
loginDErxm2018;8EavEy;Заместитель директора;Герман;Борисов ;Дамирович;;;;
loginDEaic2018;X2adoa;Заказчик;Серапион;Ситников ;Фролович;;;;
loginDEwul2018;uK&3Zr;Мастер;Валерьян;Третьяков ;Иринеевич;;;;
loginDEjgl2018;++04Tb;Менеджер;Мария;Комиссарова ;Владимировна;;;;
loginDEgtk2018;pNWXhi;Заказчик;Раиса;Меркушева ;Владленовна;;;;
loginDEvrd2018;S7N9hz;Директор;Венера;Калашникова ;Якуновна;;;;
loginDExky2018;Kt9EAS;Менеджер;Семён;Комиссаров ;Павлович;;;;
loginDExnj2018;IJDdP0;Заместитель директора;Митрофан;Денисов ;Егорович;;;;
loginDEnbu2018;86uDLd;Мастер;Дамир;Матвиенко ;Богданович;;;;
loginDEiik2018;gKt2zV;Директор;Константин;Кириллов ;Алексеевич;;;;
loginDEwyi2018;9eskgK;Заказчик;Фёдор;Медведьев ;Мэлсович;;;;
loginDEpfr2018;mW1Q36;Заказчик;Евгений;Карпов ;Лукьевич;;;;
loginDEjct2018;3WpoK9;Заказчик;Евдокия;Маркова ;Артёмовна;;;;
loginDEsmg2018;ApH1By;Мастер;Тихон;Красильников ;Богданович;;;;
loginDEexu2018;Nt44pG;Заказчик;Семён;Титов ;Иринеевич;;;;
loginDEztr2018;MYCgB7;Заказчик;Борис;Кудряшов ;Иринеевич;;;;
loginDEwrc2018;SktJa|;Заместитель директора;Нинель;Гаврилова ;Денисовна;;;;
loginDEzjs2018;|x{s+X;Менеджер;Дмитрий;Быков ;Валерьянович;;;;
loginDEeka2018;mLZvLv;Мастер;Денис;Фомичёв ;Федосеевич;;;;
loginDEepr2018;BG6tpN;Заказчик;Марфа;Белова ;Матвеевна;;;;
loginDEsnq2018;hrD}}g;Заместитель директора;Марина;Романова ;Лаврентьевна;;;;
loginDEvqn2018;LPa|e3;Заместитель директора;Демьян;Беспалов ;Витальевич;;;;
loginDEery2018;*I0Rdi;Мастер;Венера;Архипова ;Демьяновна;;;;
loginDElqv2018;Hqfw17;Мастер;Парфений;Носков ;Георгьевич;;;;
loginDEtuz2018;Yln7JW;Мастер;Иван;Зыков ;Варламович;;;;
loginDEllr2018;hXtdCD;Менеджер;Протасьевна;Иван ;;;;;
loginDEisy2018;5k5dHN;Директор;Протасий;Рожков ;Альвианович;;;;
loginDEqiv2018;h+N2uW;Менеджер;Нинель;Большакова ;Протасьевна;;;;
loginDEmfu2018;{ZpDBn;Заместитель директора;Лидия;Наумова ;Донатовна;;;;
loginDEgbd2018;+86Nf*;Мастер;Ольга;Панова ;Олеговна;;;;
loginDEkdg2018;R0tt07;Заместитель директора;Аркадий;Комаров ;Иванович;;;;
loginDEjrs2018;MVg{yd;Заместитель директора;Тамара;Федосеева ;Михаиловна;;;;
loginDEmvd2018;wyLDa{;Директор;Роман;Пестов ;Михаилович;;;;
loginDEctc2018;B&dlx+;Заказчик;Артём;Блинов ;Ильяович;;;;
loginDEavf2018;oDTttg;Заместитель директора;Полина;Владимирова ;Иринеевна;;;;
loginDEako2018;tD8J5+;Заказчик;Игнатий;Силин ;Яковович;;;;
loginDEzrg2018;WXIgGi;Директор;Геннадий;Кононов ;Созонович;;;;
loginDEdwq2018;WkTaBP;Менеджер;Фрол;Дьячков ;Арсеньевич;;;;
loginDEszg2018;NWkAVP;Директор;Арсений;Горбачёв ;Григорьевич;;;;
loginDEmeh2018;HQ+m4W;Директор;Яков;Виноградов ;Онисимович;;;;
loginDEpwm2018;be7AT0;Директор;Валентина;Лаврентьева ;Васильевна;;;;
loginDEnaq2018;I8c5EB;Заказчик;Лукьян;Брагин ;Мартынович;;;;
loginDEtuk2018;6aDAzV;Мастер;Кондрат;Трофимов ;Игоревич;;;;
loginDEhsb2018;n|I6A0;Менеджер;Глафира;Степанова ;Авксентьевна;;;;
loginDEaoi2018;Dl58m|;Заказчик;Пётр;Федосеев ;Григорьевич;;;;
loginDErmk2018;D3GuIv;Мастер;Николай;Поляков ;Антонович;;;;
loginDEfnd2018;74D9|d;Менеджер;Владимир;Медведев ;Онисимович;;;;
loginDEtza2018;A7Qldh;Заказчик;Мэлоровна;Иван ;;;;;
loginDEnoq2018;qyKzu6;Заказчик;Ангелина;Медведева ;Валентиновна;;;;
loginDEmid2018;CVjLBK;Мастер;Дарья;Сафонова ;Брониславовна;;;;
loginDEaua2018;OJgRk4;Директор;Федот;Большаков ;Владимирович;;;;
loginDEvvs2018;oBv+5G;Заказчик;Куприян;Дроздов ;Александрович;;;;
loginDEhne2018;Lidn5o;Заместитель директора;Лукия;Рябова ;Руслановна;;;;
loginDEksx2018;gLTUuE;Мастер;Фаина;Артемьева ;Христофоровна;;;;
loginDEota2018;xc&O3U;Заместитель директора;Варвара;Комиссарова ;Руслановна;;;;
loginDEcda2018;Ji63Jt;Заместитель директора;Оксана;Романова ;Мартыновна;;;;
loginDEhjr2018;4aeumW;Директор;Артём;Бобров ;Валерьянович;;;;
loginDEtps2018;G&lq7J;Заместитель директора;Василий;Соколов ;Михаилович;;;;
loginDEwdj2018;xj+&hg;Заказчик;Лукьян;Рогов ;Онисимович;;;;
loginDEgtc2018;ysRjen;Заказчик;Светлана;Фомичёва ;Тихоновна;;;;
loginDEeib2018;DN0Zs&;Менеджер;Егор;Макаров ;Святославович;;;;
loginDEzjn2018;E8c864;Менеджер;Марфа;Афанасьева ;Куприяновна;;;;
loginDEdsm2018;dQPs1p;Директор;Андрей;Рыбаков ;Семёнович;;;;
loginDEuxs2018;5FVwny;Менеджер;Лариса;Белоусова ;Валерьяновна;;;;
loginDExss2018;AiQQ|q;Директор;Сергей;Ершов ;Геласьевич;;;;
loginDEtog2018;TE757+;Менеджер;Жанна;Иванова ;Матвеевна;;;;
loginDEjfr2018;nxLt10;Мастер;Александр;Носков ;Богданович;;;;
loginDEcnj2018;QCQd0Z;Директор;Анатолий;Уваров ;Парфеньевич;;;;
loginDEnsz2018;WS}BK1;Менеджер;Ирина;Некрасова ;Ильяовна;;;;
loginDEgva2018;SXlY&e;Мастер;Дарья;Боброва ;Федосеевна;;;;
loginDErgi2018;ROPHET;Мастер;Любовь;Степанова ;Лукьевна;;;;
loginDEgho2018;kDKj}M;Заказчик;Дамир;Меркушев ;Улебович;;;;
loginDEgmb2018;czGJP5;Директор;Виктория;Хохлова ;Глебовна;;;;
loginDEunc2018;M*DY73;Мастер;Таисия;Мельникова ;Лукьяновна;;;;
loginDEatn2018;h{QXsQ;Менеджер;Владислав;Кошелев ;Лукьянович;;;;
loginDEwlw2018;9gIoYv;Заместитель директора;Всеволод;Тетерин ;Ростиславович;;;;
loginDEunh2018;nhp6F0;Директор;Любовь;Капустина ;Викторовна;;;;
loginDEzvg2018;NEACzR;Заказчик;Дарья;Комиссарова ;Парфеньевна;;;;
loginDEhhe2018;LKkrzY;Директор;Евгений;Назаров ;Юлианович;;;;
loginDEfjj2018;dyv&fw;Заказчик;Юрий;Зайцев ;Анатольевич;;;;
loginDEtun2018;}TKwPx;Менеджер;Дарья;Селиверстова ;Георгьевна;;;;
loginDEmym2018;WhDPfl;Директор;Вера;Наумова ;Ивановна;;;;
loginDEmxi2018;uEQkUn;Мастер;Даниил;Быков ;Антонинович;;;;
loginDEeiw2018;bLgTtm;Мастер;Алина;Корнилова ;Игоревна;;;;
loginDEotu2018;o5BP5N;Менеджер;Григорий;Родионов ;Антонович;;;;
loginDEiui2018;ce4&gT;Менеджер;Владлен;Волков ;Николаевич;;;;
loginDEcsm2018;*X3Tl8;Заказчик;Ираида;Дьячкова ;Якововна;;;;
loginDEgwr2018;xhCEUR;Заместитель директора;Юрий;Орлов ;Андреевич;;;;
loginDEjcu2018;2+JLPl;Заказчик;Аристарх;Гордеев ;Русланович;;;;
loginDExyn2018;IFFTHr;Мастер;Варлам;Зыков ;Протасьевич;;;;
loginDEzpz2018;PRI8h7;Заместитель директора;Богдан;Фомичёв ;Федотович;;;;
loginDEhic2018;OPCVb1;Директор;Валерия;Дорофеева ;Павловна;;;;
loginDEiwx2018;9{rX8I;Директор;Борис;Матвеев ;Мэлорович;;;;
loginDEmos2018;gC*38U;Директор;Прасковья;Исакова ;Олеговна;;;;
loginDEqov2018;AIINBG;Заказчик;Максим;Стрелков ;Гордеевич;;;;
loginDEket2018;TN4H+S;Заместитель директора;Николай;Волков ;Ярославович;;;;
loginDEayo2018;wHQKY5;Менеджер;Донат;Мишин ;Брониславович;;;;
loginDEryt2018;XcFoH*;Директор;Матвей;Гурьев ;Артёмович;;;;
loginDEsvp2018;4kES&p;Мастер;Даниил;Одинцов ;Мстиславович;;;;
loginDEiks2018;FXV&W*;Менеджер;Антон;Юдин ;Васильевич;;;;
loginDEhyt2018;3E{ZDm;Заместитель директора;Элеонора;Котова ;Протасьевна;;;;
loginDExkt2018;2EyCBy;Заместитель директора;Евсей;Александров ;Тихонович;;;;
loginDEjyt2018;E&Ac|h;Мастер;Яков;Денисов ;Даниилович;;;;
loginDErvn2018;6G+AZH;Мастер;Татьяна;Васильева ;Пётровна;;;;
loginDEitl2018;BECfk*;Заказчик;Октябрина;Гуляева ;Кондратовна;;;;
loginDEpfw2018;3kY3&K;Заказчик;Синклитикия;Борисова ;Григорьевна;;;;
loginDEide2018;dFR{Aq;Заказчик;Евдокия;Романова ;Альбертовна;;;;
loginDEtur2018;#ИМЯ?;Мастер;Руслан;Ефимов ;Улебович;;;;
loginDEtwc2018;oqx3Pv;Директор;Ким;Назаров ;Кимович;;;;
loginDEslj2018;YP*v6E;Менеджер;Татьяна;Никитина ;Агафоновна;;;;
loginDEkxx2018;GhlUU&;Директор;Никита;Панов ;Евсеевич;;;;
loginDEvdz2018;OhnHez;Мастер;Елизавета;Журавлёва ;Артёмовна;;;;
loginDEnvw2018;blqZ85;Менеджер;Бронислав;Киселёв ;Арсеньевич;;;;
loginDEdno2018;PJ05BT;Мастер;Владислав;Галкин ;Кимович;;;;
loginDEmmc2018;8a0pbC;Заказчик;Таисия;Анисимова ;Улебовна;;;;
loginDEckd2018;apfX0U;Заказчик;Валерьян;Якушев ;Викторович;;;;
loginDEbbm2018;l4tp}r;Директор;Ириней;Максимов ;Дамирович;;;;
loginDEppq2018;Wgi6Ff;Заказчик;Валерия;Миронова ;Владиславовна;;;;
loginDEmnq2018;laFpJG;Заместитель директора;Георгий;Поляков ;Авдеевич;;;;
loginDEmqg2018;4*M&VK;Заказчик;Николай;Фадеев ;Денисович;;;;
loginDEazm2018;2seWAw;Заказчик;Наталья;Авдеева ;Викторовна;;;;
loginDEapw2018;NX6N*N;Мастер;Бронислав;Калинин ;Денисович;;;;
loginDEtic2018;gIXztH;Мастер;Дамир;Суворов ;Яковович;;;;
loginDEfgs2018;#ИМЯ?;Менеджер;Зоя;Горбачёва ;Куприяновна;;;;
loginDEdrt2018;wg*xRp;Менеджер;Анатолий;Романов ;Юлианович;;;;
loginDErtg2018;bg7NzS;Заказчик;Полина;Соловьёва ;Игоревна;;;;
loginDEijp2018;*V969Y;Заказчик;Владлен;Никифоров ;Васильевич;;;;
loginDEpnl2018;jinnCV;Мастер;Федот;Кулаков ;Георгьевич;;;;
loginDExjm2018;0PYqey;Мастер;Елена;Смирнова ;Якововна;;;;
loginDEecw2018;V8}GOZ;Заместитель директора;Федосей;Волков ;Святославович;;;;
loginDEdzx2018;#ИМЯ?;Директор;Леонид;Мухин ;Антонович;;;;
loginDEaaf2018;SIBZnG;Менеджер;Ангелина;Гурьева ;Матвеевна;;;;
loginDEqtm2018;fsKT+2;Заместитель директора;Артём;Захаров ;Вячеславович;;;;
loginDEfzb2018;0Q6cQY;Заместитель директора;Евдокия;Баранова ;Игнатьевна;;;;
loginDErqv2018;2LK9Pw;Менеджер;Оксана;Кулакова ;Ярославовна;;;;
loginDEzwx2018;3tICV1;Мастер;Синклитикия;Муравьёва ;Геннадьевна;;;;
loginDEjzi2018;5cDW2|;Менеджер;Евгений;Медведев ;Эдуардович;;;;
loginDEsjj2018;wuVex4;Менеджер;Феврония;Савельева ;Фёдоровна;;;;
loginDEidz2018;G5DP2D;Заказчик;Элеонора;Лаврентьева ;Агафоновна;;;;
loginDEtqb2018;Y+Dq4P;Мастер;Альберт;Носов ;Ярославович;;;;
loginDEcdz2018;e1oDkm;Менеджер;Фрол;Капустин ;Пётрович;;;;
loginDEoio2018;wHOAvL; Менеджер;Евсей;Крюков ;Семёнович;;;;
loginDEljv2018;utbJSk;Директор;Протасий;Громов ;Георгьевич;;;;
loginDEcfc2018;GxVX}g;Заказчик;Агата;Ларионова ;Ефимовна;;;;
loginDEofx2018;dMTmGz;Заказчик;Ким;Пономарёв ;Семёнович;;;;
loginDEhns2018;oX7tXV;Заместитель директора;Элеонора;Герасимова ;Вадимовна;;;;
loginDExrk2018;8&vYwK;Директор;Георгий;Галкин ;Фёдорович;;;;
loginDEscf2018;O|o5A+;Заказчик;Антонина;Воронова ;Всеволодовна;;;;
loginDEyua2018;rW71Ck;Менеджер;Святослав;Денисов ;Онисимович;;;;
loginDEgkj2018;yXC+SX;Заказчик;Демьян;Гаврилов ;Валентинович;;;;
loginDEtad2018;cp1gN+;Заказчик;Маргарита;Аксёнова ;Артёмовна;;;;
loginDEsan2018;q7Qx66;Заказчик;Якун;Королёв ;Степанович;;;;
loginDEgbx2018;qrB{e1;Мастер;Прасковья;Кузьмина ;Онисимовна;;;;
loginDEusz2018;0||9by;Заказчик;Александра;Ефимова ;Парфеньевна;;;;
loginDEanl2018;EcBP7N;Заказчик;Лариса;Красильникова ;Ефимовна;;;;
loginDEgzu2018;AkAXti;Директор;Фёкла;Ларионова ;Филатовна;;;;
loginDEriw2018;W39VRH;Заказчик;Филат;Шашков ;Кимович;;;;
loginDEuup2018;yJ}w5s;Заказчик;Элеонора;Мамонтова ;Максимовна;;;;
loginDExeu2018;dObOMp;Мастер;Мартын;Воробьёв ;Игоревич;;;;
loginDElkp2018;TA6grZ;Менеджер;Кира;Корнилова ;Брониславовна;;;;
loginDEzfz2018;GzUp*R;Мастер;Герман;Лебедев ;Евгеньевич;;;;
loginDEkhc2018;#ИМЯ?;Менеджер;Мэлор;Лазарев ;Дмитрьевич;;;;
loginDEwsi2018;8|JAAt;Заместитель директора;Мэлс;Зайцев ;Русланович;;;;
loginDExhs2018;g+wDAX;Директор;Зоя;Устинова ;Созоновна;;;;
loginDEmad2018;cRKuGW;Директор;Алла;Некрасова ;Альбертовна;;;;
loginDEpav2018;7eur3a;Заместитель директора;Ириней;Волков ;Ефимович;;;;
loginDEave2018;|+aXyG;Заместитель директора;Геннадий;Кондратьев ;Дмитрьевич;;;;
loginDEkro2018;N5|}vM;Мастер;Ульяна;Копылова ;Тихоновна;;;;
loginDEdsu2018;aZZhZQ;Заместитель директора;Анатолий;Баранов ;Митрофанович;;;;
loginDEfuv2018;xSvieW;Заказчик;Нина;Прохорова ;Улебовна;;;;
loginDEsnk2018;lkR1ZZ;Заместитель директора;Ольга;Якушева ;Игнатьевна;;;;
loginDEppv2018;yg1DH+;Заказчик;Борис;Филиппов ;Геннадьевич;;;;
loginDEkzy2018;DpvYbd;Заместитель директора;Владлен;Мишин ;Арсеньевич;;;;
loginDEpmj2018;0{6txi;Мастер;Татьяна;Шилова ;Георгьевна;;;;
loginDEagt2018;HDZ&8{;Менеджер;Филат;Исаков ;Григорьевич;;;;
loginDEmch2018;IC2+2a;Заказчик;Иван;Трофимов ;Антонинович;;;;
loginDEzeq2018;WlZOJ3;Директор;Юлиан;Туров ;Парфеньевич;;;;
loginDEdts2018;lyy5BX;Директор;Анатолий;Котов ;Арсеньевич;;;;
loginDEgdn2018;rkaUu0;Директор;Германн;Антонов ;Мартынович;;;;
loginDEmvy2018;3Y}DMk;Директор;Наталья;Кондратьева ;Юлиановна;;;;
loginDEjtt2018;eKlTzd;Заказчик;Екатерина;Дьячкова ;Владленовна;;;;
loginDEmty2018;J20FCe;Мастер;Альвиан;Ефимов ;Серапионович;;;;
loginDEjmx2018;i{OH{c;Заместитель директора;Лукия;Зимина ;Дмитрьевна;;;;
loginDEygt2018;zDTc9&;Мастер;Мэлор;Сазонов ;Созонович;;;;
loginDEypc2018;vtxvjy;Директор;Лариса;Медведева ;Ростиславовна;;;;
loginDErip2018;re53rs;Заместитель директора;Игнатий;Кириллов ;Ростиславович;;;;
loginDEahk2018;|tP8kR;Директор;Егор;Владимиров ;Пётрович;;;;
loginDEbid2018;DeyUEY;Мастер;Дарья;Мартынова ;Васильевна;;;;
loginDEupo2018;Az*YxR;Мастер;Фёдоровна;Иван ;;;;;
loginDEvel2018;dA5Kk+;Директор;Феврония;Калинина ;Брониславовна;;;;
loginDEnpc2018;AozkWP;Директор;Людмила;Крылова ;Германовна;;;;
loginDEigv2018;ZOYxOn; Директор;Геннадий;Потапов ;Созонович;;;;
loginDEwrl2018;CeSxSp;Заказчик;Нонна;Мельникова ;Альвиановна;;;;
loginDEbbl2018;BXfnEL;Менеджер;Елизавета;Авдеева ;Федотовна;;;;
loginDEteq2018;YI+ss5;Заказчик;Синклитикия;Лапина ;Аристарховна;;;;
loginDEdis2018;|1+hrs;Менеджер;Юрий;Третьяков ;Станиславович;;;;
loginDElsk2018;h0OP2P;Мастер;Ефим;Николаев ;Константинович;;;;
loginDEegj2018;52*BRY;Заместитель директора;Ирина;Иванова ;Мэлсовна;;;;
